post_id,batch,view_completeness,cta_confidence,caption,first_line,first_line_chars,first_line_type,pre_seemore_chars,pre_seemore_hook_complete,word_count,sentence_count,paragraph_count,avg_sentence_words,reading_grade,has_bullets,bullet_count,has_emojis,emoji_count,has_bold_or_caps_emphasis,value_prop_line,value_prop_in_first_3_sentences,industry_keywords,tone,pov,offer_type,cta_placement,cta_type_caption,cta_verb,has_question_prompt,hashtag_count,hashtags,hashtag_style,at_mentions,urls_in_caption,media_type,primary_visual,image_subject,person_present,face_visible,number_of_people,object_of_focus,background_type,background_dominant_colour,foreground_dominant_colour,palette,contrast_level,texture,text_on_image,headline_on_image,headline_style,headline_chars,subheadline_on_image,image_cta_text,brand_marks,brand_placement,graphic_style,notable_element,campaign,angle,linkedin_post_id,posted_date,match_score,match_method,match_impressions
SS001,batch1,full,verified,"Every proposal generates questions, feedback, and approvals. When they're managed across email, finding the right information becomes difficult, especially as submission volumes grow.

Learn how a single proposal record keeps every conversation in one place.
Download the whitepaper: https://lnkd.in/e8u_9AzK

#GrantsNow #Research #PreAwards #GrantsManagement","Every proposal generates questions, feedback, and approvals. When they're managed across email, finding the right information becomes difficult, especially as submission volumes grow.",183,statement,210,yes,38,4,3,9.5,12.7,no,0,no,0,no,A single proposal record keeps every conversation in one place.,yes,"proposal, submissions, whitepaper, grants management, research, pre-awards",authoritative,brand-third-person,whitepaper,end,download,Download,no,4,"#GrantsNow, #Research, #PreAwards, #GrantsManagement",brand + niche,,https://lnkd.in/e8u_9AzK,image,illustration,envelope with red notification badge,no,no,0,envelope with red 7 notification,solid,dark teal,yellow envelope + white card + red badge,brand-teal + gold + accent-red,high,flat illustration,yes,Still managing proposal reviews by email?,mixed-weight bold,41,There's a better way.,Download the Whitepaper,GrantsNow logo TL + HM Government G-Cloud Supplier TR,corners,minimal flat with iconography,red '7' notification badge - urgency + inbox metaphor,whitepaper - proposal reviews,pain_point + product_capability,7483849474553966592,2026-07-17,1.0,prefix (274 chars),118.0
SS002,batch1,bottom-cropped,inferred,"Proposal feedback, peer reviews, and approvals shouldn't disappear into inboxes. Discover how keeping every discussion linked to the proposal improves collaboration, visibility, and audit readiness.

Download the whitepaper: https://lnkd.in/e8u_9AzK

#GrantsNow #Research #PreAwards #GrantsManagement","Proposal feedback, peer reviews, and approvals shouldn't disappear into inboxes. Discover how keeping every discussion linked to the proposal improves collaboration, visibility, and audit readiness.",198,statement,210,yes,28,3,3,9.3,15.4,no,0,no,0,no,"Keeping every discussion linked to the proposal improves collaboration, visibility, and audit readiness.",yes,"proposal, peer reviews, approvals, audit readiness, grants management",authoritative,brand-third-person,whitepaper,end,download,Download,no,4,"#GrantsNow, #Research, #PreAwards, #GrantsManagement",brand + niche,,https://lnkd.in/e8u_9AzK,image,mixed - photo + illustration,laptop workspace photo (top) + product panel (bottom),no,no,0,envelope on laptop screen + notepad and pen,photographic (top) + solid (bottom),warm neutral photo + white,orange envelope + teal accent,brand-teal + accent-orange + neutral,medium,mixed - photo realistic and flat,yes,Your proposal discussions belong with the proposal,mixed-weight bold,50,Not scattered across email,Download the Whitepaper,GrantsNow logo,top of product panel,editorial photo over minimal product mock,"split composition - human workspace context above, product answer below",whitepaper - proposal reviews,pain_point,7483483091794182144,2026-07-16,1.0,prefix (216 chars),107.0
SS003,batch1,bottom-cropped,unknown,"GrantsNow uses AI to surface relevant funding opportunities based on your research areas, favourite funders and team preferences. The right calls find you, not the other way around.

Book a demo: https://lnkd.in/dU2Brsef

#GrantsManagement #AIinResearch #Funding #ResearchOffice #HigherEducationUK","GrantsNow uses AI to surface relevant funding opportunities based on your research areas, favourite funders and team preferences. The right calls find you, not the other way around.",181,statement,210,yes,31,3,3,10.3,8.6,no,0,no,0,no,"The right calls find you, not the other way around.",yes,"AI, funding opportunities, research areas, funders, higher education, research office",conversational,brand-and-you (mixed),demo,end,book_demo,Book,no,5,"#GrantsManagement, #AIinResearch, #Funding, #ResearchOffice, #HigherEducationUK",niche + audience-targeted (UK higher ed),,https://lnkd.in/dU2Brsef,image,typography,magnifying glass illustration,no,no,0,magnifying glass (bottom right),solid,cream / off-white,dark teal typography + grey magnifying glass,brand-teal on cream,medium,flat with subtle drop shadow,yes,Stop manually searching for funding calls.,mixed-weight bold (manually + searching in heavy weight),43,,,GrantsNow logo TL + HM Government G-Cloud Supplier TR,corners,editorial minimal typography-led,"headline-only creative - no CTA button visible in the crop, quieter than SS001/SS002",demo - AI funding discovery,product_capability,7482820498771529728,2026-07-14,1.0,prefix (189 chars),127.0
SS004,batch1,top-cropped,verified,[Newsletter share - caption not visible in the screenshot; renders as a LinkedIn Newsletter card],[Newsletter share - caption not visible in the screenshot; renders as a LinkedIn Newsletter card],97,statement,97,yes,15,1,1,15.0,10.1,no,0,no,0,no,Keep proposal reviews and approvals in one place,,"proposal reviews, approvals, grant scope, newsletter",authoritative,brand-third-person,newsletter,n/a - newsletter card,none,,no,0,,n/a - caption cropped,,,newsletter,typography,two-panel brand card - GrantScope mark + newsletter headline,no,no,0,GrantScope wordmark (left panel),solid,dark teal (left) + white (right),white text (left) + dark teal text (right),brand-teal + white,high,flat brand card,yes,Keep proposal reviews & approvals in one place,mixed-weight bold,46,,,GrantScope mark + GrantsNow logo,split panels,newsletter brand card,newsletter format - Register button in the header instead of an in-image CTA,GrantScope newsletter,thought_leadership,,,0.0,none,
SS005,batch1,full,verified,"Researchers, administrators, reviewers, and finance teams each need access to different information throughout the funding lifecycle.

Our latest whitepaper explores how role-based access can help universities protect sensitive information, improve collaboration, and ensure every user sees the information relevant to their responsibilities.

Download it here: https://lnkd.in/eVuMpbP2

#GrantsNow #ResearchFunding #Whitepaper #Funding #Research","Researchers, administrators, reviewers, and finance teams each need access to different information throughout the funding lifecycle.",133,statement,210,yes,45,3,4,15.0,16.8,no,0,no,0,no,"Role-based access can help universities protect sensitive information, improve collaboration, and ensure every user sees the information relevant to their responsibilities.",yes,"role-based access, universities, funding lifecycle, researchers, administrators, reviewers, finance teams",authoritative,brand-third-person,whitepaper,end,download,Download,no,5,"#GrantsNow, #ResearchFunding, #Whitepaper, #Funding, #Research",brand + niche,,https://lnkd.in/eVuMpbP2,image,photo + product panel,professional woman working on a laptop,yes,yes,1,person + WHITEPAPER pill tag,photographic (right) + solid (left),dark teal (product panel) + warm neutral (photo),dark teal typography + WHITEPAPER yellow pill,brand-teal + gold + photographic,high,mixed - photo realistic and flat panel,yes,Give every user the right access,mixed-weight bold,33,"Improve security, visibility, and collaboration across research funding",Download the Whitepaper to learn more,GrantsNow logo + HM Government G-Cloud Supplier + WHITEPAPER yellow pill,corners + label pill on product panel,editorial photo plus teal product panel,human face - only post in this batch with a person - and yellow WHITEPAPER pill acting as content-type signal,whitepaper - role-based access,product_capability + pain_point,7481391339167944706,2026-07-10,1.0,prefix (351 chars),141.0
SS006,batch2,full,verified,"Proposal rework can become difficult to manage when feedback, document changes, and approvals are spread across multiple email threads.

Our latest whitepaper explores how keeping every discussion and decision linked to the proposal can improve collaboration, provide greater visibility, and help research teams keep submissions moving forward.

Download the free whitepaper: https://lnkd.in/gZQqbfDX

#GrantsNow #Whitepaper #ResearchManagement","Proposal rework can become difficult to manage when feedback, document changes, and approvals are spread across multiple email threads.",135,statement,210,yes,51,3,4,17.0,14.9,no,0,no,0,no,"Keeping every discussion and decision linked to the proposal improves collaboration, visibility, and momentum.",yes,"proposal rework, feedback, approvals, whitepaper, research management, submissions",authoritative,brand-third-person,whitepaper,end,download,Download,no,3,"#GrantsNow, #Whitepaper, #ResearchManagement",brand + niche,,https://lnkd.in/gZQqbfDX,image,photo + teal card overlay,office scene with people in background + teal product panel,yes,partial (background),2,teal card with headline + WHITEPAPER pill,photographic,dark teal photo tint,teal card + WHITEPAPER yellow pill + white type,brand-teal + gold + photographic,high,photo realistic with darkened tint,yes,Keep proposal corrections clear and on track,mixed-weight bold (corrections in heavier weight),45,"Discover a better way to manage feedback, rework, and approvals",Download the Whitepaper to learn more,GrantsNow logo TL + HM Government G-Cloud Supplier TR + WHITEPAPER pill + contact footer strip,corners + footer contact strip,photo hero with centred teal card and full contact strip,phone number and website in footer strip - direct sales cue on a whitepaper post,whitepaper - proposal corrections,pain_point + product_capability,7481020822741073920,2026-07-09,1.0,prefix (366 chars),180.0
SS007,batch2,full,verified,"Missed feedback and multiple document versions can put funding applications at risk. Explore how a structured approach to proposal corrections helps universities reduce administrative effort and improve submission quality.

Download the whitepaper:
https://lnkd.in/gZQqbfDX

#GrantsNow #Whitepaper",Missed feedback and multiple document versions can put funding applications at risk. Explore how a structured approach to proposal corrections helps universities reduce administrative effort and improve submission quality.,222,statement,210,no,32,3,3,10.7,14.0,no,0,no,0,no,A structured approach to proposal corrections reduces administrative effort and improves submission quality.,yes,"feedback, document versions, funding applications, proposal corrections, universities, submission quality",authoritative,brand-third-person,whitepaper,end,download,Download,no,2,"#GrantsNow, #Whitepaper",brand only (very light),,https://lnkd.in/gZQqbfDX,image,photo + teal card overlay,woman working with laptop in background + teal card centred,yes,yes (soft focus),1,teal card with question headline + WHITEPAPER pill,photographic,dark teal photo tint,teal card + WHITEPAPER yellow pill + white type,brand-teal + gold + photographic,high,photo realistic with darkened tint,yes,Are proposal reworks slowing submissions?,mixed-weight bold (proposal reworks in heavier weight),42,Download the Whitepaper to learn more,Download the Whitepaper to learn more,GrantsNow logo TL + HM Government G-Cloud Supplier TR + WHITEPAPER pill + contact footer strip,corners + footer contact strip,photo hero with centred teal card - question in the image,question in the image headline - first image-headline question so far - direct challenge to the reader,whitepaper - proposal corrections,pain_point,7480198934196379648,2026-07-07,1.0,prefix (244 chars),82.0
SS008,batch2,full,verified,"Manually pulling together proposal details from multiple sources before you have even started writing is time nobody can afford. GrantsNow auto-populates your outline proposal directly from the funding call, cutting the admin so your researchers can focus on what actually wins Grants.

Would you like to know more? Get in touch: https://lnkd.in/dU2Brsef

#GrantsManagement #PreAward #ResearchOffice #UKUniversities #AIinResearch","Manually pulling together proposal details from multiple sources before you have even started writing is time nobody can afford. GrantsNow auto-populates your outline proposal directly from the funding call, cutting the admin so your researchers can focus on what actually wins Grants.",285,statement,210,no,51,4,3,12.8,9.2,no,0,no,0,no,"GrantsNow auto-populates your outline proposal directly from the funding call, cutting admin so researchers can focus on winning grants.",yes,"manual proposal, funding call, admin, researchers, AI, pre-award, research office, UK universities",conversational,brand-and-you (mixed),demo,end,contact,Get in touch,yes,5,"#GrantsManagement, #PreAward, #ResearchOffice, #UKUniversities, #AIinResearch",niche + audience-targeted (UK higher ed),,https://lnkd.in/dU2Brsef,image,photo + teal card overlay,team meeting photo (top) + teal panel with question (bottom),yes,partial (backs of heads),3,large question headline + 'We can help' response,photographic (top) + solid teal (bottom),dark teal + photo,white type + teal checkmark + white 'We can help' pill,brand-teal + photographic,high,photo realistic with darkened tint + flat solid teal,yes,Is your team spending more time on admin than on the actual bid?,mixed-weight bold (more time in heavier weight),64,We can help!,Get in touch (+44) 7710 041194 | grantsnow.co.uk,GrantsNow logo TL + HM Government G-Cloud Supplier TR + contact footer strip,corners + footer contact strip,"split panel photo-plus-solid teal, big question hook",explicit question in caption AND image - hard sell with phone number as CTA,demo - AI auto-populate,pain_point + product_capability,7478747715691008000,2026-07-03,1.0,prefix (323 chars),194.0
SS009,batch2,full,verified,"Role-based access helps universities give researchers, reviewers, finance teams, and administrators access only to the information they need, improving security, collaboration, and governance across the research funding lifecycle.

Download our whitepaper to learn more:
https://lnkd.in/eVuMpbP2

#ResearchManagement #GrantManagement #HigherEducation #ResearchFunding #DataGovernance #ResearchSupport #GrantsNow","Role-based access helps universities give researchers, reviewers, finance teams, and administrators access only to the information they need, improving security, collaboration, and governance across the research funding lifecycle.",230,statement,210,no,34,2,3,17.0,16.5,no,0,no,0,no,"Role-based access gives each user access only to what they need, improving security, collaboration, and governance.",yes,"role-based access, universities, researchers, reviewers, finance teams, data governance, research funding lifecycle, higher education",authoritative,brand-third-person,whitepaper,end,download,Download,no,7,"#ResearchManagement, #GrantManagement, #HigherEducation, #ResearchFunding, #DataGovernance, #ResearchSupport, #GrantsNow",brand + broad + niche - very heavy (7 tags),,https://lnkd.in/eVuMpbP2,image,photo + white card overlay with orange border,woman at computer in background + cream card with orange rounded border,yes,partial (soft focus),1,cream card with orange border and yellow CTA button,photographic,dark teal photo tint,cream card + orange border + teal type + yellow CTA button,brand-teal + gold + accent-orange,high,photo realistic with darkened tint + flat card,yes,Role-Based Access That Simplifies Research Management,title-case mixed-weight bold,53,The Right People. The Right Access. Every Time.,Download the Whitepaper to learn more,GrantsNow logo TL + HM Government G-Cloud Supplier TR + contact footer strip,corners + footer contact strip,photo hero with cream card and prominent yellow button,yellow CTA button (only post in the set with a filled yellow button) + 7 hashtags (heaviest in the set),whitepaper - role-based access,product_capability,7478022878341361664,2026-07-01,1.0,prefix (261 chars),135.0
SS010,batch2,full,verified,"Are manual proposal updates across emails or spreadsheets slowing down your bid process? GrantsNow gives everyone a single dashboard with full visibility of every proposal, tailored to their dept/role.

We would be happy to connect: https://lnkd.in/dU2Brsef

#GrantsManagement #ResearchOffice #PreAward #UKUniversities #HigherEducationUK","Are manual proposal updates across emails or spreadsheets slowing down your bid process? GrantsNow gives everyone a single dashboard with full visibility of every proposal, tailored to their dept/role.",201,statement,210,yes,35,3,3,11.7,9.7,no,0,no,0,no,"GrantsNow gives everyone a single dashboard with full visibility of every proposal, tailored to their dept and role.",yes,"manual proposal updates, emails, spreadsheets, bid process, single dashboard, research office, pre-award, UK universities",conversational,brand-and-you (mixed),demo,end,contact,Connect,yes,5,"#GrantsManagement, #ResearchOffice, #PreAward, #UKUniversities, #HigherEducationUK",niche + audience-targeted (UK higher ed),,https://lnkd.in/dU2Brsef,image,photo + teal card overlay,woman at desk with monitor in background + teal card centred,yes,yes (side profile),1,teal card with question - manual proposal tracking phrase in bold,photographic,muted green-grey office photo,teal card + cream border + white type,brand-teal + cream + photographic,high,photo realistic with subtle desaturation,yes,Is your research office held back with manual proposal tracking?,mixed-weight bold (manual proposal tracking in heavier weight),61,,Get in touch (+44) 7710 041194 | grantsnow.co.uk,GrantsNow logo TL + HM Government G-Cloud Supplier TR + contact footer strip,corners + footer contact strip,"photo hero with centred teal card, headline-only in image",question in both caption first line and image headline - most on-message hook of the batch,demo - dashboard visibility,pain_point,7477323401225719808,2026-06-29,1.0,prefix (227 chars),87.0
SS011,batch3,full,verified,"Still managing grants across emails, spreadsheets, and disconnected systems? Learn how universities are simplifying the grants lifecycle with a single, integrated platform.

Download the whitepaper: https://lnkd.in/g8AanByU

#GrantsNow #Research #Universities","Still managing grants across emails, spreadsheets, and disconnected systems? Learn how universities are simplifying the grants lifecycle with a single, integrated platform.",172,statement,210,yes,25,3,3,8.3,11.3,no,0,no,0,no,"Universities are simplifying the grants lifecycle with a single, integrated platform.",yes,"grants, emails, spreadsheets, disconnected systems, grants lifecycle, integrated platform, universities",conversational,brand-and-you (mixed),whitepaper,end,download,Download,yes,3,"#GrantsNow, #Research, #Universities",brand + broad,,https://lnkd.in/g8AanByU,image,typography on gradient,cream-to-mint gradient with teal card and yellow CTA,no,no,0,teal card with orange border and yellow CTA button,gradient,cream to soft mint,dark teal card + orange border + yellow CTA,brand-teal + gold + cream,high,flat gradient with subtle grid,yes,Managing Research Grants Shouldn't Mean Managing Multiple Systems,title-case mixed-weight bold,63,Want to know how we can help?,Download the Whitepaper to learn more,GrantsNow logo TL + HM Government G-Cloud Supplier TR + contact footer strip,corners + footer contact strip,no-photo poster - all typography and card,yellow CTA pill button + orange card border (rare accent) and a sub-question inviting a reply,whitepaper - integrated platform,pain_point + product_capability,7476203732867735552,2026-06-26,1.0,prefix (191 chars),140.0
SS012,batch3,full,verified,"We know every funder has different rules, manually looking this up over lots of funders takes up valuable time.

GrantsNow's AI does the checking instantly, so your researchers spend their time writing, not reading guidance notes.

Book a demo: https://lnkd.in/dU2Brsef
#GrantsManagement #AIinResearch #PreAward #ResearchOffice #UKUniversities","We know every funder has different rules, manually looking this up over lots of funders takes up valuable time.",111,statement,210,yes,39,3,3,13.0,8.5,no,0,no,0,no,"GrantsNow's AI does the eligibility checking instantly, so researchers write instead of reading guidance notes.",yes,"funder rules, eligibility, AI, researchers, guidance notes, pre-award, research office, UK universities",conversational,brand-and-you (mixed),demo,end,book_demo,Book,no,5,"#GrantsManagement, #AIinResearch, #PreAward, #ResearchOffice, #UKUniversities",niche + audience-targeted (UK higher ed),,https://lnkd.in/dU2Brsef,image,photo + teal card overlay,team meeting photo (four people) with teal card centred,yes,yes (multiple faces),4,question headline + 'We can help' response with checkmark,photographic,dark teal photo tint,teal card + cream border + white type,brand-teal + photographic + cream,high,photo realistic with darkened tint,yes,Are your teams struggling with eligibility checks that slows everything down?,mixed-weight bold (eligibility checks in heavier weight),78,We can help!,Get in touch (+44) 7710 041194 | grantsnow.co.uk,GrantsNow logo TL + HM Government G-Cloud Supplier TR + contact footer strip,corners + footer contact strip,photo hero with centred teal card and 'We can help' response,most people in a single image so far (4) + long question headline (78 chars),demo - AI eligibility checks,pain_point + product_capability,7474831101769912320,2026-06-22,1.0,prefix (236 chars),150.0
SS013,batch3,full,verified,"Unlock more funding opportunities with less effort. Want to know how? Set up a demo - https://lnkd.in/dU2Brsef

#GrantsNow #Funding #GrantsManagement",Unlock more funding opportunities with less effort. Want to know how? Set up a demo - https://lnkd.in/dU2Brsef,110,statement,149,yes,16,3,2,5.3,4.5,no,0,no,0,no,Increase your grant funding opportunities by 25% with the Funder Opportunity Scanner.,yes,"funding opportunities, funder opportunity scanner, grants management, grant funding",conversational,brand-and-you (mixed),demo,end,book_demo,Set up,yes,3,"#GrantsNow, #Funding, #GrantsManagement",brand + broad,,https://lnkd.in/dU2Brsef,image,typography on dark gradient,dark teal gradient with subtle wave lines and headline stat,no,no,0,the 25% stat inside the headline,gradient,dark teal to green,white type,brand-teal (dark) + white,high,flat gradient with wave line motif,yes,Increase your grant funding opportunities by 25% with the Funder Opportunity Scanner,mixed-weight (numbers not visually enlarged),88,Don't believe it?,Get in touch (+44) 7710 041194 | grantsnow.co.uk,GrantsNow logo TL + HM Government G-Cloud Supplier TR + contact footer strip,corners + footer contact strip,typography-only dark poster with stat as hook,first stat-based hook (25%) + provocative 'Don't believe it?' closer - most distinctive tone in the set,demo - funder opportunity scanner,product_capability,7425109299497984000,2026-02-05,1.0,prefix (81 chars),159.0
SS014,batch3,full,verified,"Post-Award management is where the real pressure begins. Reporting deadlines. Milestone tracking. Funder compliance. Miss one, and you risk more than a slap on the wrist - you risk your next award.

Yet most institutions are still managing this with manual trackers and calendar reminders. It's not a system. It's a gamble.

GrantsNow gives your team full control of the Post-Award lifecycle:
✓ Automated milestone tracking
✓ Real-time alerts and notifications
✓ End-to-end visibility, from award to close

Compliant. On track. No deadlines missed.

Join our webinar to see how AI is making Post-Award management even smarter: https://lnkd.in/ei2DNPX6","Post-Award management is where the real pressure begins. Reporting deadlines. Milestone tracking. Funder compliance. Miss one, and you risk more than a slap on the wrist - you risk your next award.",197,statement,210,yes,97,12,5,8.1,6.9,yes,3,no,0,no,"GrantsNow gives your team full control of the Post-Award lifecycle: automated milestone tracking, real-time alerts, end-to-end visibility.","no (arrives later, after the pain setup)","post-award, reporting deadlines, milestone tracking, funder compliance, automated, real-time alerts, AI, pre-awards",authoritative,brand-third-person,webinar,end,register,Join,no,0,,none visible in the screenshot,,https://lnkd.in/ei2DNPX6,image,typography on dark gradient,dark teal gradient with UPCOMING WEBINAR badge + question headline + date,no,no,0,cream card with question headline and event date,gradient,dark teal to green,white type + cream card + green WEBINAR pill,brand-teal + cream + green pill,high,flat gradient with subtle tech graphic,yes,How can Pre-Awards really benefit from AI?,mixed-weight bold,42,Join us on Tuesday 19th May at 12:30pm to discuss how you can use AI to improve your Pre-Awards processes. LAST FEW SEATS LEFT!,Get in touch (+44) 7710 041194 | grantsnow.co.uk,GrantsNow logo TL + Research Consulting logo TR + contact footer strip,corners + footer contact strip,webinar poster with badge and event date,first co-branded post (GrantsNow + Research Consulting) + first webinar + first caption with bullet points + urgency signal 'LAST FEW SEATS LEFT',webinar - AI in Pre-Awards,thought_leadership + product_capability,7459930112554217472,2026-05-12,1.0,prefix (400 chars),162.0
SS015,batch3,bottom-cropped,inferred,"Compliance isn't optional but it is slowing teams down.

Many institutions are still managing due diligence manually, across emails, spreadsheets, and disconnected systems. That's where delays and risk creep in.

With GrantsNow, compliance and governance are centralised in one place, with:
✓ Automated approval workflows
✓ Built-in due diligence tracking
✓ Configurable ethics and compliance forms

Less admin. More confidence. Faster submissions.

👉 Join our webinar to see how AI is taking this even further.",Compliance isn't optional but it is slowing teams down.,55,statement,210,yes,75,7,5,10.7,8.9,yes,3,yes,1,no,"With GrantsNow, compliance and governance are centralised in one place, with automated workflows, due diligence tracking, and configurable ethics forms.",no (arrives in fourth sentence after pain setup),"compliance, due diligence, emails, spreadsheets, approval workflows, ethics, research funding applications",authoritative,brand-third-person,webinar,end,register,Join,no,0,,none visible in the screenshot,,,image,photo + typography with WEBINAR pill,soft-focus person with dark purple-to-teal gradient overlay and question headline,yes,partial (soft focus),1,large question headline + WEBINAR pill,photographic,dark purple-pink to teal gradient,white type + teal WEBINAR pill,brand-teal + accent-purple + photographic,high,photo with heavy gradient overlay,yes,Are compliance checks slowing down research funding applications?,mixed-weight (some words in teal accent colour),63,Join us on Tuesday 19th May at 12:30pm to discuss how you can use AI to improve your Pre-Awards processes,,GrantsNow logo TL + Research Consulting logo TR + WEBINAR pill,corners + centered pill,webinar poster - photo hero with pill and question,purple gradient is the first non-teal accent + emoji in caption (first ever) + accent colouring inside the headline,webinar - AI in Pre-Awards,pain_point + thought_leadership,7458501231242752000,2026-05-08,1.0,prefix (400 chars),155.0
SS016,batch4,bottom-cropped,inferred,"Post-Award management doesn't stop at funding it's where pressure builds.

Reporting deadlines. Milestone tracking. Funder requirements.
Miss one, and it can impact future funding.

Many institutions still rely on manual tracking and reminders, increasing the risk of missed deadlines.

GrantsNow helps you stay in control with:
✓ Automated milestone tracking
✓ Real-time alerts and notifications
✓ Full visibility across the Post-Award lifecycle

Stay compliant. Stay on track. Never miss a deadline again.

Join our webinar to see how AI is taking this even further.",Post-Award management doesn't stop at funding it's where pressure builds.,73,statement,210,yes,84,10,6,8.4,8.3,yes,3,no,0,no,"GrantsNow helps you stay in control with automated milestone tracking, real-time alerts, and full visibility across the Post-Award lifecycle.",no (arrives after the pain setup),"post-award, reporting deadlines, milestone tracking, funder requirements, manual tracking, AI",authoritative,brand-and-you (mixed),webinar,end,register,Join,no,0,,none visible in the screenshot,,,image,photo + typography with WEBINAR pill,soft-focus person with purple-teal gradient overlay + large question headline,yes,partial (soft focus),1,very large question headline,photographic,dark teal-to-purple gradient,white type + teal WEBINAR pill + teal accent words in headline,brand-teal + accent-purple + photographic,high,photo with heavy gradient overlay,yes,What if you never missed a Post-Award submission or reporting deadline again?,mixed-weight bold with teal accent on 'Post-Award submission or reporting deadline',79,Join us on Tuesday 19th May at 12:30pm to discuss how you can use AI to improve your Pre-Awards processes,,GrantsNow logo TL + Research Consulting logo TR + WEBINAR pill,corners + centered pill,webinar poster - photo hero with big question hook,"third webinar poster in a series (SS014, SS015, SS016) - purple gradient variant + accent-coloured words inside the headline",webinar - AI in Pre-Awards,pain_point + thought_leadership,7457746257889988612,2026-05-06,1.0,prefix (400 chars),180.0
SS017,batch4,full,verified,"Many universities wait over a year for their Pre Award system to connect with finance and HR platforms. GrantsNow delivers clean, pre built integrations with Oracle cloud so you can go live in less than half the time faster. Get in touch: https://lnkd.in/dU2Brsef

#University #ResearchManagement #GrantsNow","Many universities wait over a year for their Pre Award system to connect with finance and HR platforms. GrantsNow delivers clean, pre built integrations with Oracle cloud so you can go live in less than half the time faster. Get in touch: https://lnkd.in/dU2Brsef",263,statement,210,no,42,3,2,14.0,7.0,no,0,no,0,no,GrantsNow delivers pre-built integrations with Oracle cloud so you can go live in less than half the time.,yes,"pre-award, integrations, finance, HR platforms, Oracle cloud, universities, research management",conversational,brand-and-you (mixed),demo,end,contact,Get in touch,no,3,"#University, #ResearchManagement, #GrantsNow",brand + broad,,https://lnkd.in/dU2Brsef,image,action photo (MotoGP racing bike),"MotoGP racing bike with GrantsNow branding, motion blur, rider in green leathers","yes (rider on bike, helmet - face not visible)",no,1,the racing bike + '18+ months?' hook,photographic,green track blur + dark racing photo,green bike + white type,brand-teal + racing-green + photographic,high,action photo with speed blur,yes,Do Pre-Awards integrations really need 18+ months to build?,mixed-weight bold with '18+ months?' enlarged,60,GrantsNow does it faster,Get in touch (+44) 7710 041194 | grantsnow.co.uk,GrantsNow logo TL + contact footer strip + UNIT4 Partner + Oracle Partner logos BR,corners + footer contact strip + partner co-brand row,sports action photo with typographic hook - completely off-template from the rest,"MotoGP sponsorship photo (only sports metaphor in the set) + partner logos (UNIT4, Oracle) + first stat-in-headline that argues speed",demo - Oracle integration,product_capability,7455540400532066305,2026-04-30,1.0,prefix (234 chars),223.0
SS018,batch4,bottom-cropped,inferred,"GrantsNow empowers research offices to identify the right opportunities faster, streamline submissions, and increase funding success through automation and smart integrations. Find out how: https://lnkd.in/dU2Brsef

#GrantsNow #ResearchFunding #GrantsManagement #PreAwards #HigherEducation #FundingSuccess #ResearchInnovation","GrantsNow empowers research offices to identify the right opportunities faster, streamline submissions, and increase funding success through automation and smart integrations. Find out how: https://lnkd.in/dU2Brsef",214,statement,210,no,24,2,2,12.0,13.7,no,0,no,0,no,"GrantsNow empowers research offices to identify opportunities faster, streamline submissions, and increase funding success through automation and integrations.",yes,"research offices, funding opportunities, submissions, automation, integrations, higher education, funding success, research innovation",authoritative,brand-third-person,demo,end,contact,Find out,no,7,"#GrantsNow, #ResearchFunding, #GrantsManagement, #PreAwards, #HigherEducation, #FundingSuccess, #ResearchInnovation",brand + broad - very heavy (7 tags),,https://lnkd.in/dU2Brsef,image,photo + cream card overlay,professional man in suit gesturing at a data screen with team behind him,yes,yes,4,man pointing at data screen + 'Only GrantsNow!' claim,photographic,bright white-blue office (unusual - lightest in the set),cream card + orange border + teal type + teal 'Only GrantsNow!' pill,brand-teal + gold + bright-photographic,medium,bright natural-light photo with flat card,yes,The solution for maximising Grants funding opportunities,mixed-weight bold with 'maximising' emphasised,55,Only GrantsNow!,Get in touch (+44) 7710 041194 | grantsnow.co.uk,GrantsNow logo TL + HM Government G-Cloud Supplier TR + contact footer strip,corners + footer contact strip,bright corporate photo with cream card - warmer palette than the rest,first bright-daylight photo (rest use dark-teal tinted overlays) + explicit 'Only GrantsNow' claim + 7 hashtags,demo - funding success,product_capability,7453065189752557568,2026-04-23,1.0,prefix (185 chars),139.0
SS019,batch4,full,verified,"Join our upcoming webinar here:
https://lnkd.in/ei2DNPX6

Instead of large-scale change, leading institutions are starting with small, focused pilots:
✓ Testing AI for compliance checks
✓ Automating funding opportunity discovery
✓ Supporting proposal development

With platforms like GrantsNow already providing centralised data, workflows, and automation, AI becomes much easier to trial in real scenarios.

We'll be discussing real use cases in our upcoming session",Join our upcoming webinar here:,31,statement,210,yes,62,2,4,31.0,19.3,yes,3,no,0,no,"GrantsNow already provides centralised data, workflows, and automation, making AI easier to trial in real scenarios.",no (arrives after the pilot list),"webinar, AI, compliance checks, funding opportunity discovery, proposal development, centralised data, pilots",authoritative,brand-third-person,webinar,start (link at top),register,Join,no,0,,none visible in the screenshot,,https://lnkd.in/ei2DNPX6,image,typography + two speaker headshot cards,warm cream-to-peach gradient with 'Meet the Speakers' cards and two portrait photos,yes,yes (both speakers),2,speaker cards with names and credentials,gradient,cream to peach,dark teal type + circular speaker portraits,brand-teal + cream + peach,medium,flat gradient with circular photo insets,yes,Upcoming Webinar: AI in Pre-Awards: Unlocking Greater Value and Efficiency,title-case mixed-weight bold,74,"Meet the Speakers - Ian McGowan (25+ yrs managing clients across IT and software) + Dr. Dan King (Research and knowledge exchange specialist with 25+ yrs across strategy, partnerships, and funding)",Get in touch (+44) 7710 041194 | grantsnow.co.uk,GrantsNow logo TL + HM Government G-Cloud Supplier TR + contact footer strip,corners + footer contact strip,warm poster with speaker credibility cards,"first post naming individual speakers with credentials (Ian McGowan, Dr. Dan King) + first warm/cream palette + fourth webinar in the series",webinar - AI in Pre-Awards,thought_leadership,7452691446320750592,2026-04-22,1.0,prefix (400 chars),755.0
SS020,batch4,full,verified,"Research teams deserve tools that remove complexity, not add to it. GrantsNow streamlines key Pre and Post Award tasks so your staff can focus more on delivering impactful research, not admin.

#ResearchFunding #PreAwards #PostAwards #ResearchManagement #GrantsNow","Research teams deserve tools that remove complexity, not add to it. GrantsNow streamlines key Pre and Post Award tasks so your staff can focus more on delivering impactful research, not admin.",192,statement,210,yes,31,2,2,15.5,9.1,no,0,no,0,no,"GrantsNow streamlines key Pre and Post Award tasks so staff can focus on impactful research, not admin.",yes,"research teams, pre-award, post-award, admin, research funding, research management",authoritative,brand-third-person,brand awareness,none in caption,none,,no,5,"#ResearchFunding, #PreAwards, #PostAwards, #ResearchManagement, #GrantsNow",brand + niche,,,image,photo + teal card overlay,hands typing on keyboard with plants in background + teal card centred,partial (hands only),no,1,the all-caps 'DO MORE IN LESS TIME' headline,photographic,muted green-grey desk photo,teal card + cream border + white all-caps type,brand-teal + cream + photographic,high,photo realistic with subtle overlay,yes,DO MORE IN LESS TIME.,all-caps bold,21,Streamline Pre and Post-Award instantly with GrantsNow,Get in touch (+44) 7710 041194 | grantsnow.co.uk,GrantsNow logo TL + HM Government G-Cloud Supplier TR + contact footer strip,corners + footer contact strip,photo hero with short all-caps hook,shortest headline in the set (21 chars) + first all-caps headline + no CTA URL in the caption (brand-awareness rather than sales-driven),brand awareness - streamline Pre and Post-Award,product_capability,7452340405129351169,2026-04-21,1.0,prefix (188 chars),138.0
SS021,batch5,bottom-cropped,inferred,"Join our upcoming webinar here:
https://lnkd.in/ei2DNPX6

Instead of large-scale change, leading institutions are starting with small, focused pilots:
✓ Testing AI for compliance checks
✓ Automating funding opportunity discovery
✓ Supporting proposal development

With platforms like GrantsNow already providing centralised data, workflows, and automation, AI becomes much easier to trial in real scenarios.

We'll be discussing real use cases in our upcoming session",Join our upcoming webinar here:,31,statement,210,yes,62,2,4,31.0,19.3,yes,3,no,0,no,"GrantsNow already provides centralised data, workflows, and automation, making AI easier to trial in real scenarios.",no (arrives after the pilot list),"webinar, AI, compliance checks, funding opportunity discovery, proposal development, centralised data, pilots",authoritative,brand-third-person,webinar,start (link at top),register,Join,no,0,,none visible in the screenshot,,https://lnkd.in/ei2DNPX6,image,photo + typography with WEBINAR pill,soft-focus person with dark teal-to-purple gradient overlay + large headline,yes,partial (soft focus),1,large statement headline with teal accent on 'the benefits and value of AI',photographic,dark teal-to-purple gradient,white type + teal WEBINAR pill + teal accent words in headline,brand-teal + accent-purple + photographic,high,photo with heavy gradient overlay,yes,Why you should create pilot tests to explore the benefits and value of AI,mixed-weight bold with teal accent on 'the benefits and value of AI',73,Join us on Wednesday 6th May at 12:30pm to discuss how AI will help,,GrantsNow logo TL + Research Consulting logo TR + WEBINAR pill,corners + centered pill,webinar poster - photo hero with statement hook,SAME CAPTION AS SS019 (verbatim) but DIFFERENT image and DIFFERENT date (Wed 6th May vs Tue 19th May). This is the natural A/B for 'does the creative alone move the numbers?'. Fifth post in the webinar series overall.,webinar - AI in Pre-Awards,thought_leadership,7452691446320750592,2026-04-22,1.0,prefix (400 chars),755.0
SS022,batch6,full,verified,"GrantsNow syncs data in real time, giving research offices and leadership instant visibility into proposal status, deadlines and workload. No more stale reports or outdated spreadsheets. Get in touch: https://lnkd.in/dU2Brsef

#ResearchData #RealTimeUpdates #UniversitySystems #GrantsNow","GrantsNow syncs data in real time, giving research offices and leadership instant visibility into proposal status, deadlines and workload. No more stale reports or outdated spreadsheets. Get in touch: https://lnkd.in/dU2Brsef",225,statement,210,no,29,3,2,9.7,9.7,no,0,no,0,no,"GrantsNow syncs data in real time, giving research offices and leadership instant visibility into proposal status, deadlines and workload.",yes,"real-time data, research offices, proposal status, deadlines, workload, spreadsheets, university systems",authoritative,brand-third-person,demo,end,contact,Get in touch,no,4,"#ResearchData, #RealTimeUpdates, #UniversitySystems, #GrantsNow",brand + niche,,https://lnkd.in/dU2Brsef,image,photo + teal card overlay,hands typing on keyboard with financial charts + teal card centred,partial (hands only),no,1,the all-caps 'REAL TIME DATA. REAL IMPACT.' hook + 'Only possible with GrantsNow' claim,photographic,dark teal-tinted desk photo,teal card + cream border + white all-caps type,brand-teal + cream + photographic,high,photo realistic with darkened tint,yes,REAL TIME DATA. REAL IMPACT.,all-caps bold,28,Only possible with GrantsNow,Get in touch (+44) 7710 041194 | grantsnow.co.uk,GrantsNow logo TL + HM Government G-Cloud Supplier TR + contact footer strip,corners + footer contact strip,photo hero with short all-caps hook and brand-claim pill,second all-caps headline in the set (after SS020) + 'Only possible with GrantsNow' as exclusivity claim - twinned with SS020's short-hook template,demo - real-time data,product_capability,7450161776261820416,2026-04-15,1.0,prefix (195 chars),104.0
SS023,batch6,full,verified,"Most systems stop at submission, leaving teams to track awards manually. GrantsNow connects Pre Award to Post Award so you have visibility from idea to outcome. Get in touch: https://lnkd.in/dU2Brsef

#GrantLifecycle #PostAward #ResearchManagement #GrantsNow","Most systems stop at submission, leaving teams to track awards manually. GrantsNow connects Pre Award to Post Award so you have visibility from idea to outcome. Get in touch: https://lnkd.in/dU2Brsef",199,statement,210,yes,29,3,2,9.7,6.9,no,0,no,0,no,GrantsNow connects Pre Award to Post Award so you have visibility from idea to outcome.,yes,"submission, tracking, Pre Award, Post Award, grant lifecycle, research management",conversational,brand-and-you (mixed),demo,end,contact,Get in touch,no,4,"#GrantLifecycle, #PostAward, #ResearchManagement, #GrantsNow",brand + niche,,https://lnkd.in/dU2Brsef,image,photo + light cream card overlay,"group of 5 professionals around a laptop, smiling, bright office",yes,yes,5,the cream card headline + 'Sounds neat right?' cheeky pill,photographic,bright warm neutral (rare - like SS018),cream card + orange border + teal type + teal 'Sounds neat right?' pill,brand-teal + gold + bright-photographic,medium,bright natural-light photo,yes,A platform that supports both Pre-Award and Post-Award.,sentence-case mixed-weight,55,Sounds neat right?,,GrantsNow logo TL + HM Government G-Cloud Supplier TR,corners (no footer strip in this one),bright team photo with cream card and conversational pill,most people in a single image (5) + conversational 'Sounds neat right?' pill (only-post using casual language on the image) + no footer contact strip,demo - full lifecycle,product_capability,7449792344716959744,2026-04-14,1.0,prefix (170 chars),189.0
SS024,batch6,bottom-cropped,inferred,"Budgeting shouldn't be the bottleneck but it often is.

Manual spreadsheets, outdated costing models, and disconnected finance data make it difficult to build accurate, compliant proposals.

GrantsNow tackles this with:
✓ Full economic costing (fEC) aligned to TRAC
✓ Automated cost calculations and scenario modelling
✓ Integration with HR & finance systems for real-time data

Fewer errors. Faster approvals. Stronger proposals.

Join us to explore how AI can take budgeting and validation even further.",Budgeting shouldn't be the bottleneck but it often is.,54,statement,210,yes,74,6,5,12.3,11.2,yes,3,no,0,no,"GrantsNow tackles budgeting with full economic costing aligned to TRAC, automated cost calculations, and integration with HR and finance systems.",no (arrives after the pain setup),"budgeting, spreadsheets, costing models, finance data, full economic costing, TRAC, HR and finance systems, AI",authoritative,brand-third-person,webinar,end,register,Join,no,0,,none visible in the screenshot,,,image,photo + typography with WEBINAR pill,soft-focus person with dark teal-to-purple gradient + large question headline,yes,partial (soft focus),1,large question headline with teal accent on 'the hardest parts of Grant Applications',photographic,dark teal-to-purple gradient,white type + teal WEBINAR pill + teal accent words in headline,brand-teal + accent-purple + photographic,high,photo with heavy gradient overlay,yes,Why is budget creation still one of the hardest parts of Grant Applications?,mixed-weight bold with teal accent,77,Join us on Wednesday 6th May at 12:30pm to discuss how AI will help,,GrantsNow logo TL + Research Consulting logo TR + WEBINAR pill,corners + centered pill,webinar poster - photo hero with question hook and teal accent inside,"sixth webinar in the series (SS014-SS016, SS019, SS021, SS024) + same Wed 6th May date as SS021 - possibly A/B for the earlier session",webinar - AI in Pre-Awards,pain_point + thought_leadership,7449429953898680320,2026-04-13,1.0,prefix (400 chars),181.0
SS025,batch6,bottom-cropped,unknown,"If your pre-award software requires constant workarounds, you're already wasting time. GrantsNow enables you to speed up with automation, speed, and effortless integration. Switch to our future-proof solution: https://lnkd.in/dU2Brsef

#PreAwardSoftware #ResearchManagement #HigherEdTech #GrantsNow #FutureReady #Automation #UKUniversities #DigitalTransformation #TrueSaaS","If your pre-award software requires constant workarounds, you're already wasting time. GrantsNow enables you to speed up with automation, speed, and effortless integration. Switch to our future-proof solution: https://lnkd.in/dU2Brsef",234,statement,210,no,28,3,2,9.3,9.4,no,0,no,0,no,"GrantsNow enables you to speed up with automation, speed, and effortless integration.",yes,"pre-award software, workarounds, automation, integration, future-proof, higher ed tech, digital transformation, True SaaS",conversational,brand-and-you (mixed),demo,end,contact,Switch,yes,9,"#PreAwardSoftware, #ResearchManagement, #HigherEdTech, #GrantsNow, #FutureReady, #Automation, #UKUniversities, #DigitalTransformation, #TrueSaaS",brand + broad + niche - heaviest in the set (9 tags),,https://lnkd.in/dU2Brsef,image,cartoon illustration (pit stop racing scene),cartoon pit stop with crew changing tires on green racing car with cheering crowd and yellow rival car,yes (cartoon),yes (cartoon faces + crowd),6,the racing pit stop scene + 'Stuck racing?' hook,illustrated,bright blue sky + green car + colourful crowd,green racing crew + white type on cream area above,cartoon-multicolour + brand-teal (in the type area),high,flat cartoon illustration,yes,Stuck racing with a system that slows you down?,handwritten-style script,48,"GrantsNow keeps you on track with a Future-proof, True SaaS solution.",,GrantsNow logo TL (small),top only (minimal branding for this creative),editorial cartoon illustration - only illustrated post in the set,"second racing metaphor in the set (SS017 was photo of MotoGP, SS025 is cartoon pit stop) + heaviest hashtag load (9) + handwritten-style headline + minimal branding",demo - True SaaS speed,product_capability,7439694565923586048,2026-03-17,1.0,prefix (203 chars),190.0
SS026,batch6,full,verified,"Many solutions claim to be SaaS, but few actually are. A TRUE SaaS platform has a single codebase, instant updates, and scalable configurations. Read the blog to know more: https://lnkd.in/eqK3_-vN

#grantsnow #preawards #research #grantsmanagement #armauk #SaaS","Many solutions claim to be SaaS, but few actually are. A TRUE SaaS platform has a single codebase, instant updates, and scalable configurations. Read the blog to know more: https://lnkd.in/eqK3_-vN",197,statement,210,yes,29,3,2,9.7,6.5,no,0,no,0,no,"A TRUE SaaS platform has a single codebase, instant updates, and scalable configurations.",yes,"SaaS, True SaaS, single codebase, instant updates, scalable configurations, pre-awards, research management, ARMA UK",authoritative,brand-third-person,blog,end,read,Read,no,6,"#grantsnow, #preawards, #research, #grantsmanagement, #armauk, #SaaS",brand + niche - all lowercase (first lowercase set),,https://lnkd.in/eqK3_-vN,image,photo + typography with BLOG pill,"two women at a desk with laptop, soft-focus office background",yes,yes (soft focus),2,large question headline with yellow highlighter marker on 'older',photographic,dark teal-tinted office photo,white type + yellow highlighter on 'older' word,brand-teal + accent-yellow + photographic,high,photo realistic with darkened tint,yes,"Is your platform TRUE SaaS or Just older tech, hosted on the cloud?",mixed-weight bold with yellow highlighter marker on 'older',65,Learn how TRUE SaaS saves time and money. Read the blog.,(Link in description),GrantsNow logo TL + BLOG pill TR,corners,editorial photo with punchy question and highlighter mark,first BLOG offer type in the set (rest are whitepaper/demo/webinar) + first highlighter-marker treatment on a single word + first all-lowercase hashtag set + 'Link in description' pattern (rare - LinkedIn's suggested workaround for link penalty),blog - True SaaS,thought_leadership,7439332180469862400,2026-03-16,1.0,prefix (166 chars),228.0
SS027,batch7,full,verified,"The wrong Pre-Awards platform means hidden costs, manual updates, delays, and a higher total cost of ownership. GrantsNow's TRUE SaaS solution gives you full control, instant upgrades, and zero hidden fees. Read the blog to know how: https://lnkd.in/eqK3_-vN

#grantsmanagement #armauk #grantsnow #preawards #research","The wrong Pre-Awards platform means hidden costs, manual updates, delays, and a higher total cost of ownership. GrantsNow's TRUE SaaS solution gives you full control, instant upgrades, and zero hidden fees. Read the blog to know how: https://lnkd.in/eqK3_-vN",258,statement,210,no,37,3,2,12.3,7.6,no,0,no,0,no,"GrantsNow's TRUE SaaS solution gives you full control, instant upgrades, and zero hidden fees.",yes,"pre-awards platform, hidden costs, manual updates, total cost of ownership, TRUE SaaS, ARMA UK, grants management",authoritative,brand-third-person,blog,end,read,Read,no,5,"#grantsmanagement, #armauk, #grantsnow, #preawards, #research",brand + niche - all lowercase,,https://lnkd.in/eqK3_-vN,image,photo + typography with BLOG pill,dark abstract office photo with question headline overlay,no,no,0,the question headline with yellow highlighter marker on 'Cost',photographic,dark teal-tinted office blur,white type + yellow highlighter on 'Cost',brand-teal + accent-yellow + photographic,high,photo with heavy overlay,yes,Pre-Awards Platforms: What's the Cost of the Wrong Choice?,mixed-weight bold with yellow highlighter marker on 'Cost',57,Learn how TRUE SaaS saves time and money. Read the blog.,(Link in description) + Get in touch (+44) 7710 041194 | grantsnow.co.uk,GrantsNow logo TL + BLOG pill TR + contact footer strip,corners + footer contact strip,editorial photo blog poster with highlighter accent,"SAME CAPTION AND HEADLINE AS SS031 but different background - abstract office in SS027, architectural building in SS031. Second natural A/B pair in the whole set (first was SS019/SS021).",blog - True SaaS cost,thought_leadership + pain_point,7438245015644106753,2026-03-13,1.0,prefix (225 chars),278.0
SS028,batch7,full,verified,"Searching for the next generation in pre-awards software? GrantsNow is here now, making pre and post-award administration faster, more automated and better integrated.

#GrantsNow #PreAwardSoftware #PostAwardManagement #ResearchGrants #HigherEdTech #UKUniversities #SmartFunding #FutureReady","Searching for the next generation in pre-awards software? GrantsNow is here now, making pre and post-award administration faster, more automated and better integrated.",167,statement,210,yes,23,2,2,11.5,11.0,no,0,no,0,no,"GrantsNow is here now, making pre and post-award administration faster, more automated and better integrated.",yes,"next generation, pre-awards software, post-award management, automation, integration, higher ed tech, smart funding, future ready",conversational,brand-and-you (mixed),brand awareness,none in caption,none,,yes,8,"#GrantsNow, #PreAwardSoftware, #PostAwardManagement, #ResearchGrants, #HigherEdTech, #UKUniversities, #SmartFunding, #FutureReady",brand + broad + niche - very heavy (8 tags),,,image,photo (space astronaut) with typography,astronaut in white spacesuit reaching outward with earth curve visible in background,yes (astronaut),no (helmet),1,the DON'T GET LOST hook + astronaut reaching hand,photographic,black space + blue earth curve,white all-caps type + teal accent on 'LOST',black + brand-teal + white + photographic,very high,photo realistic with cosmic backdrop,yes,DON'T GET LOST,all-caps bold with teal accent on 'LOST',14,Searching for the latest advancements in a Pre-Awards platform. GrantsNow is already here to simplify Pre & Post-Award Management,Get in touch (+44) 7710 041194 | grantsnow.co.uk,GrantsNow logo TL + contact footer strip (no HM Government badge),corners + footer contact strip,cinematic space photo with punchy short hook,first space/aerospace visual in the set + shortest headline yet (14 chars) + teal accent on a single word inside all-caps + no G-Cloud badge (missing from this creative),brand awareness - next generation,product_capability + thought_leadership,7435700768306978819,2026-03-06,1.0,prefix (163 chars),160.0
SS029,batch7,bottom-cropped,unknown,"Unlock more opportunities for grants income without needing extra budget! With GrantsNow, you have multiple tools at your disposal to streamline Pre-Awards, enhance team performance, and get your organisation the funding it deserves.","Unlock more opportunities for grants income without needing extra budget! With GrantsNow, you have multiple tools at your disposal to streamline Pre-Awards, enhance team performance, and get your organisation the funding it deserves.",233,statement,210,no,33,2,1,16.5,11.9,no,0,no,0,no,"With GrantsNow, you have multiple tools to streamline Pre-Awards, enhance team performance, and get your organisation the funding it deserves.",yes,"grants income, budget, pre-awards, team performance, funding",conversational,brand-and-you (mixed),brand awareness,none in caption,none,,no,0,,none in the caption (they sit inside the mock tweet),,,image,typography (fake tweet mockup),mock Twitter/X post with GrantsNow verified handle and heart/reply icons,no,no,0,the mock tweet card claiming 'the GrantsNow treatment',solid,dark navy-teal,white tweet card + teal accent brand name + red heart,brand-teal (dark) + white + accent-red heart,high,flat tweet-card mockup,yes,Increase your Grants income without extending your existing budget.... Thats the GrantsNow treatment.,tweet-body regular text,100,@TheFastestGrowingPreAwardsPlatform,,GrantsNow logo TL + verified checkmark inside mock tweet,corner + inside mock tweet card,social-mockup embed (fake tweet) - first of its kind in the set,fake tweet mockup treatment (never used before) + typo 'Thats' missing apostrophe (visible on the creative) + '@TheFastestGrowingPreAwardsPlatform' handle claim + no CTA URL anywhere,brand awareness - Pre-Awards positioning,product_capability,7435338397323382785,2026-03-05,1.0,prefix (228 chars),88.0
SS030,batch7,full,verified,"Managing integrations, reports, and configurations in-house can drain valuable time and resources. With GrantsNow, you don't have to. Our team of 250+ consultants ensures seamless integration and customisation, so you can focus on what truly matters.

#HigherEdTech #GrantsNow #GrantManagement #Automation #Efficiency #SeamlessIntegration","Managing integrations, reports, and configurations in-house can drain valuable time and resources. With GrantsNow, you don't have to. Our team of 250+ consultants ensures seamless integration and customisation, so you can focus on what truly matters.",250,statement,210,no,36,3,2,12.0,10.3,no,0,no,0,no,Our team of 250+ consultants ensures seamless integration and customisation so you can focus on what truly matters.,yes,"integrations, reports, configurations, 250+ consultants, seamless integration, customisation, higher ed tech, automation",conversational,brand-and-you (mixed),demo,end,contact,Get in touch,no,6,"#HigherEdTech, #GrantsNow, #GrantManagement, #Automation, #Efficiency, #SeamlessIntegration",brand + niche,,,image,photo + teal card overlay,business meeting - 5 to 6 people around a table with one standing presenter,yes,"yes (multiple, partial)",6,the IT team question + presenter in background,photographic,muted warm neutral office,teal card + cream border + white type with 'IT team' in bold accent,brand-teal + cream + photographic,high,photo realistic with subtle overlay,yes,"Is your IT team burdened with integrations, reports, and configurations?",mixed-weight bold with 'IT team' in heavier weight,71,"With GrantsNow, they don't have to.",Get in touch (+44) 7710 041194 | grantsnow.co.uk,GrantsNow logo TL + HM Government G-Cloud Supplier TR + contact footer strip,corners + footer contact strip,photo hero with centred teal card - IT-team specific target,explicit stat in caption '250+ consultants' + first post specifically targeting the IT team persona rather than the research office,demo - IT team burden,pain_point + product_capability,7434243645479903232,2026-03-02,1.0,prefix (242 chars),151.0
SS031,batch7,full,verified,"The wrong Pre-Awards platform means hidden costs, manual updates, delays, and a higher total cost of ownership. GrantsNow's TRUE SaaS solution gives you full control, instant upgrades, and zero hidden fees. Read the blog to know how: https://lnkd.in/eqK3_-vN

#grantsmanagement #armauk #grantsnow #preawards #research","The wrong Pre-Awards platform means hidden costs, manual updates, delays, and a higher total cost of ownership. GrantsNow's TRUE SaaS solution gives you full control, instant upgrades, and zero hidden fees. Read the blog to know how: https://lnkd.in/eqK3_-vN",258,statement,210,no,37,3,2,12.3,7.6,no,0,no,0,no,"GrantsNow's TRUE SaaS solution gives you full control, instant upgrades, and zero hidden fees.",yes,"pre-awards platform, hidden costs, manual updates, total cost of ownership, TRUE SaaS, ARMA UK, grants management",authoritative,brand-third-person,blog,end,read,Read,no,5,"#grantsmanagement, #armauk, #grantsnow, #preawards, #research",brand + niche - all lowercase,,https://lnkd.in/eqK3_-vN,image,photo + typography with BLOG pill,architectural building (looks like a domed university building) with question headline overlay,no,no,0,the question headline with yellow highlighter marker on 'Cost',photographic,dark teal-tinted architectural photo,white type + yellow highlighter on 'Cost',brand-teal + accent-yellow + photographic,high,photo with heavy overlay,yes,Pre-Awards Platforms: What's the Cost of the Wrong Choice?,mixed-weight bold with yellow highlighter marker on 'Cost',57,Learn how TRUE SaaS saves time and money. Read the blog.,(Link in description) + Get in touch (+44) 7710 041194 | grantsnow.co.uk,GrantsNow logo TL + BLOG pill TR + contact footer strip,corners + footer contact strip,editorial photo blog poster with highlighter accent,SAME CAPTION AND HEADLINE AS SS027 - architectural university-style building as the only differentiator. Cleanest natural A/B in the set (SS019/SS021 was the first).,blog - True SaaS cost,thought_leadership + pain_point,7438245015644106753,2026-03-13,1.0,prefix (225 chars),278.0
SS032,batch8,full,verified,"GrantsNow is empowering research teams to work smarter, not harder. Discover why UK institutions are opting for a platform designed for outcomes, not workarounds. Get in touch: https://lnkd.in/dU2Brsef

#GrantsNow #PreAwardSoftware #ResearchManagement #HigherEdTech #TrueSaaS #UKUniversities","GrantsNow is empowering research teams to work smarter, not harder. Discover why UK institutions are opting for a platform designed for outcomes, not workarounds. Get in touch: https://lnkd.in/dU2Brsef",201,statement,210,yes,27,3,2,9.0,8.5,no,0,no,0,no,"GrantsNow is a platform designed for outcomes, not workarounds - real-time KPI reporting, self-configurable, lower cost with more opportunities.",yes,"research teams, UK institutions, pre-award software, higher ed tech, TRUE SaaS, UK universities, KPI reporting, funder templates",authoritative,brand-third-person,demo,end,contact,Get in touch,no,6,"#GrantsNow, #PreAwardSoftware, #ResearchManagement, #HigherEdTech, #TrueSaaS, #UKUniversities",brand + niche,,https://lnkd.in/dU2Brsef,image,photo + 3-column benefit cards,dark teal-tinted architectural photo with 3 numbered benefit cards,no,no,0,"the three numbered benefit cards (1 analytics, 2 self-configurable, 3 lower cost)",photographic,dark teal-tinted architectural blur,white type + yellow circle numbers + teal cards,brand-teal + gold + photographic,high,photo with heavy overlay + flat cards,yes,Ready to experience the GrantsNow Treatment?,mixed-weight bold,44,"1 Real time analytics for KPI reporting | 2 Completely self configurable for funder templates, approval routes etc | 3 Lower cost but more Grants opportunities | The fastest-growing True SaaS cloud pre-award platform in the UK",Get in touch (+44) 7710 041194 | grantsnow.co.uk,GrantsNow logo top-centre + contact footer strip + fastest-growing claim,top-centre (not corner) + footer contact strip,3-column benefit poster with question hook,first 3-column numbered benefit card layout + fastest-growing True SaaS UK claim + GrantsNow logo placed top-centre rather than top-left (only post with this branding position),demo - GrantsNow Treatment,product_capability + thought_leadership,7433156492133896193,2026-02-27,1.0,prefix (171 chars),148.0
SS033,batch8,full,verified,"With GrantsNow, you can assign responsibilities, control access, and ensure data security within a fully configurable and user-friendly platform built for research offices.

Learn more: https://lnkd.in/dU2Brsef

#GrantsNow #GrantsManagement #PreAwards #ResearchFunding #DataSecurity #Compliance #HigherEducation","With GrantsNow, you can assign responsibilities, control access, and ensure data security within a fully configurable and user-friendly platform built for research offices.",172,statement,210,yes,25,2,3,12.5,12.6,no,0,no,0,no,"With GrantsNow, you can assign responsibilities, control access, and ensure data security in a fully configurable platform for research offices.",yes,"roles, permissions, responsibilities, access control, data security, configurable, research offices, pre-awards, compliance, higher education",conversational,brand-and-you (mixed),demo,end,learn_more,Learn,no,7,"#GrantsNow, #GrantsManagement, #PreAwards, #ResearchFunding, #DataSecurity, #Compliance, #HigherEducation",brand + niche - heavy (7 tags),,https://lnkd.in/dU2Brsef,image,typography on light gradient,cream-to-mint gradient with cream card and 'Imagine being able to...' headline,no,no,0,the imagined-outcome card + 'With GrantsNow you can!' pill response,gradient,cream to mint (light),cream card + orange rounded border + teal type + teal pill,brand-teal + gold + cream,medium,flat gradient with subtle wave lines,yes,Imagine being able to define roles and permissions in your Pre-Awards system.,sentence-case mixed-weight,77,With GrantsNow you can!,,GrantsNow logo TL + HM Government G-Cloud Supplier TR,corners (no footer strip),no-photo poster - cream card with question setup and cheeky response pill,"first 'Imagine being able to...' hypothetical opener + no photo, no footer strip - lightest visual treatment in the set",demo - roles and permissions,product_capability,7432091994195177472,2026-02-24,1.0,prefix (179 chars),292.0
SS034,batch8,full,verified,"Universities often struggle with costing consistency across faculties. GrantsNow uses a flexible, TRAC compatible engine that supports multiple scenarios and institution specific rules. Get in touch: https://lnkd.in/dU2Brsef

#ResearchFinance #Costings #TRAC #GrantsNow","Universities often struggle with costing consistency across faculties. GrantsNow uses a flexible, TRAC compatible engine that supports multiple scenarios and institution specific rules. Get in touch: https://lnkd.in/dU2Brsef",224,statement,210,no,26,3,2,8.7,12.3,no,0,no,0,no,"GrantsNow uses a flexible, TRAC compatible engine that supports multiple scenarios and institution specific rules.",yes,"universities, costing consistency, faculties, TRAC compatible, scenarios, research finance",authoritative,brand-third-person,demo,end,contact,Get in touch,no,4,"#ResearchFinance, #Costings, #TRAC, #GrantsNow",brand + niche (very focused),,https://lnkd.in/dU2Brsef,image,photo + teal card overlay,close-up hands writing on paper with pen and calculator,partial (hands only),no,1,the costing engine claim + gold divider line under the headline,photographic,dark teal-tinted desk photo,white type + gold line divider,brand-teal + gold + photographic,high,photo realistic with darkened tint,yes,A unified costing engine for consistent proposals.,sentence-case mixed-weight,50,Unlock Smarter Grants Management with GrantsNow,Get in touch (+44) 7710 041194 | grantsnow.co.uk,GrantsNow logo TL + HM Government G-Cloud Supplier TR + contact footer strip,corners + footer contact strip,photo hero with statement headline and gold divider accent,"first gold-line divider between headline and sub + tightest hashtag focus (4 finance-specific tags: TRAC, Costings, ResearchFinance, GrantsNow)",demo - unified costing,product_capability,7428062420943826945,2026-02-13,1.0,prefix (195 chars),136.0
SS035,batch8,full,verified,"Every role in the research office sees what matters most. GrantsNow's configurable dashboards highlight tasks, deadlines and priorities so teams stay aligned without chasing information. Get in touch: https://lnkd.in/dU2Brsef

#ResearchOffice #Workflows #HigherEducation #GrantsNow","Every role in the research office sees what matters most. GrantsNow's configurable dashboards highlight tasks, deadlines and priorities so teams stay aligned without chasing information. Get in touch: https://lnkd.in/dU2Brsef",225,statement,210,no,28,3,2,9.3,8.9,no,0,no,0,no,"GrantsNow's configurable dashboards highlight tasks, deadlines and priorities so teams stay aligned without chasing information.",yes,"research office, dashboards, tasks, deadlines, priorities, workflows, higher education",authoritative,brand-third-person,demo,end,contact,Get in touch,no,4,"#ResearchOffice, #Workflows, #HigherEducation, #GrantsNow",brand + niche,,https://lnkd.in/dU2Brsef,image,photo + product screenshot mockup,dark teal background with realistic laptop showing the GrantsNow dashboard UI,no,no,0,the actual product screenshot in the laptop,solid,dark teal,"white type + product screenshot (charts, KPIs)",brand-teal + product-screenshot colours,high,flat solid with realistic laptop render,yes,A dashboard that works the way your team works.,sentence-case mixed-weight,48,,Get in touch (+44) 7710 041194 | grantsnow.co.uk,GrantsNow logo top + contact footer strip,top + footer contact strip,product hero - laptop showing actual dashboard UI,"first product screenshot in the entire set (real UI shown, not a stylised card) - biggest signal of what the software actually does",demo - dashboards,product_capability,7426626233469231104,2026-02-09,1.0,prefix (196 chars),253.0
SS036,batch8,full,verified,"Unlock more funding opportunities with less effort. Want to know how? Set up a demo - https://lnkd.in/dU2Brsef

#GrantsNow #Funding #GrantsManagement",Unlock more funding opportunities with less effort. Want to know how? Set up a demo - https://lnkd.in/dU2Brsef,110,statement,149,yes,16,3,2,5.3,4.5,no,0,no,0,no,Increase your grant funding opportunities by 25% with the Funder Opportunity Scanner.,yes,"funding opportunities, funder opportunity scanner, grants management, grant funding",conversational,brand-and-you (mixed),demo,end,book_demo,Set up,yes,3,"#GrantsNow, #Funding, #GrantsManagement",brand + broad,,https://lnkd.in/dU2Brsef,image,typography on dark gradient,dark teal-to-green gradient with wave lines and 25% stat headline,no,no,0,the 25% stat headline,gradient,dark teal to green,white type,brand-teal (dark) + white,high,flat gradient with wave line motif,yes,Increase your grant funding opportunities by 25% with the Funder Opportunity Scanner,mixed-weight (numbers not visually enlarged),88,Don't believe it?,Get in touch (+44) 7710 041194 | grantsnow.co.uk,GrantsNow logo TL + HM Government G-Cloud Supplier TR + contact footer strip,corners + footer contact strip,typography-only dark poster with stat as hook,"IDENTICAL CAPTION, HEADLINE, URL AND VISUAL AS SS013. Either a genuine repost by the page or a re-upload in this batch. If a repost, this is direct data on whether reposts move numbers.",demo - funder opportunity scanner,product_capability,7425109299497984000,2026-02-05,1.0,prefix (81 chars),159.0
SS037,batch9,full,verified,"Legacy Pre-Awards technology can quietly slow research teams down and limit funding success. Our latest blog explores why universities are rethinking their grants systems. Read more: https://lnkd.in/daG7f5zk

#GrantsNow #LegacySoftware #GrantsManagement #PreAwards #Funding #Grants",Legacy Pre-Awards technology can quietly slow research teams down and limit funding success. Our latest blog explores why universities are rethinking their grants systems. Read more: https://lnkd.in/daG7f5zk,207,statement,210,yes,26,3,2,8.7,8.9,no,0,no,0,no,Our latest blog explores why universities are rethinking their grants systems.,yes,"legacy pre-awards technology, research teams, funding success, universities, grants systems, legacy software",authoritative,brand-third-person,blog,end,read,Read,no,6,"#GrantsNow, #LegacySoftware, #GrantsManagement, #PreAwards, #Funding, #Grants",brand + broad,,https://lnkd.in/daG7f5zk,image,typography on dark gradient with bracketed CTA button,dark teal gradient with subtle wave lines and question headline,no,no,0,the question headline + bracketed 'Read our blog' button,gradient,dark teal with subtle green wave,white type with 'Real Impact' emphasised,brand-teal (dark) + white,high,flat gradient with subtle wave line motif,yes,What's the Real Impact of Legacy Pre-Awards Software on Universities?,mixed-weight bold with 'Real Impact' in heavier weight,69,[Read our blog to know more],Link in description + Get in touch (+44) 7710 041194 | grantsnow.co.uk,GrantsNow logo TL + HM Government G-Cloud Supplier TR + contact footer strip,corners + footer contact strip,typography-only dark poster with bracketed CTA treatment,new blog URL (daG7f5zk - different from the eqK3_-vN blog used by SS026/SS027/SS031) + first bracketed '[Read our blog to know more]' treatment + Link in description signal,blog - legacy pre-awards impact,thought_leadership + pain_point,7424446702406889472,2026-02-03,1.0,prefix (179 chars),167.0
SS038,batch9,full,verified,"Researchers, approvers, and administrators can all work within the same platform. GrantsNow enables all conversations, feedback, and changes to documents to be centralised so that no step is missed in an email trail.
Contact us: https://lnkd.in/dU2Brsef

#Collaboration #ResearchSupport #AcademicWorkflows #GrantsNow","Researchers, approvers, and administrators can all work within the same platform. GrantsNow enables all conversations, feedback, and changes to documents to be centralised so that no step is missed in an email trail.",216,statement,210,no,35,3,2,11.7,9.5,no,0,no,0,no,"GrantsNow enables all conversations, feedback, and changes to documents to be centralised so no step is missed in an email trail.",yes,"researchers, approvers, administrators, centralised, conversations, feedback, email trail, collaboration, academic workflows",authoritative,brand-third-person,demo,end,contact,Contact,no,4,"#Collaboration, #ResearchSupport, #AcademicWorkflows, #GrantsNow",brand + niche,,https://lnkd.in/dU2Brsef,image,desaturated photo + cream card overlay,black-and-white team meeting photo (5-6 people around a laptop) with cream card and speech-bubble icon,yes,"yes (multiple, partial)",6,the collaboration claim + teal speech-bubble icon,photographic,black and white team meeting,cream card + orange border + teal type + teal speech bubble,black-and-white + brand-teal + cream,high,desaturated photo with flat card overlay,yes,Experience Seamless collaboration for every proposal with GrantsNow!,mixed-weight bold with 'Seamless collaboration' emphasised,68,,Get in touch (+44) 7710 041194 | grantsnow.co.uk,GrantsNow logo TL + HM Government G-Cloud Supplier TR + contact footer strip,corners + footer contact strip,desaturated team photo with cream card - editorial magazine feel,first fully desaturated / black-and-white photo treatment + speech-bubble accent icon (new visual element),demo - collaboration,product_capability,7422617892359200768,2026-01-29,1.0,prefix (221 chars),170.0
SS039,batch9,full,verified,"Universities require visibility into their research funding activity in order to make informed decisions. GrantsNow offers intelligent and configurable dashboards and reporting, providing research offices with real-time visibility into the entire Pre-Awards process.

Universities using GrantsNow benefit from:
• Real-time dashboards that display submissions, approvals, workloads, and pipelines
• Configurable views that cater to different roles and responsibilities
• Accurate data that is extracted from live grant and costing information
• Clear reporting that enables planning, performance, and compliance

This enables better decision-making, improved transparency, and enhanced oversight of research funding activity.

#GrantsNow #ResearchFunding #PreAwards #GrantsManagement #HigherEducation #ResearchOffice","Universities require visibility into their research funding activity in order to make informed decisions. GrantsNow offers intelligent and configurable dashboards and reporting, providing research offices with real-time visibility into the entire Pre-Awards process.",266,statement,210,no,92,3,4,30.7,22.4,yes,4,no,0,no,"GrantsNow offers configurable dashboards and reporting, providing research offices with real-time visibility into the entire Pre-Awards process.",yes,"universities, research funding, informed decisions, dashboards, reporting, submissions, approvals, workloads, pipelines, compliance",authoritative,brand-third-person,brand awareness,none in caption,none,,no,6,"#GrantsNow, #ResearchFunding, #PreAwards, #GrantsManagement, #HigherEducation, #ResearchOffice",brand + niche,,,image,photo + typography with partner logos + laptop mockup,dark teal-tinted photo of person working at desk with laptop mockup partially shown,yes (background),no (blurred),1,the everything-in-one-dashboard claim + partner logos as credibility,photographic,dark teal-tinted office scene,white type + gold divider + partner logos,brand-teal + gold + photographic,high,photo realistic with darkened tint,yes,Everything from funding opportunities to KPIs in one dashboard.,sentence-case mixed-weight,62,GrantsNow makes it simpler,Get in touch (+44) 7710 041194 | grantsnow.co.uk,GrantsNow logo TL + HM Government G-Cloud Supplier TR + contact footer strip + UNIT4 Partner + Oracle Partner logos BR,corners + footer contact strip + partner co-brand row,photo hero with partner logos - most badge-heavy poster in the set,"first caption using • bullets (rest used ✓) + longest structured caption yet (7 sentences) + second post with UNIT4 + Oracle partner logos (SS017 was the first, a MotoGP creative)",brand awareness - unified dashboard,product_capability,7421910848685785089,2026-01-27,1.0,prefix (400 chars),265.0
SS040,batch9,full,verified,"GrantsNow syncs data in real time, giving research offices and leadership instant visibility into proposal status, deadlines and workload. No more stale reports or outdated spreadsheets. Get in touch: https://lnkd.in/dU2Brsef

#ResearchData #RealTimeUpdates #UniversitySystems #GrantsNow","GrantsNow syncs data in real time, giving research offices and leadership instant visibility into proposal status, deadlines and workload. No more stale reports or outdated spreadsheets. Get in touch: https://lnkd.in/dU2Brsef",225,statement,210,no,29,3,2,9.7,9.7,no,0,no,0,no,"GrantsNow syncs data in real time, giving research offices and leadership instant visibility into proposal status, deadlines and workload.",yes,"real-time data, research offices, proposal status, deadlines, workload, spreadsheets, university systems",authoritative,brand-third-person,demo,end,contact,Get in touch,no,4,"#ResearchData, #RealTimeUpdates, #UniversitySystems, #GrantsNow",brand + niche,,https://lnkd.in/dU2Brsef,image,photo + teal card overlay,hands typing on keyboard with financial charts + teal card centred,partial (hands only),no,1,the all-caps 'REAL TIME DATA. REAL IMPACT.' hook + 'Only possible with GrantsNow' claim,photographic,dark teal-tinted desk photo,teal card + cream border + white all-caps type,brand-teal + cream + photographic,high,photo realistic with darkened tint,yes,REAL TIME DATA. REAL IMPACT.,all-caps bold,28,Only possible with GrantsNow,Get in touch (+44) 7710 041194 | grantsnow.co.uk,GrantsNow logo TL + HM Government G-Cloud Supplier TR + contact footer strip,corners + footer contact strip,photo hero with short all-caps hook and brand-claim pill,"IDENTICAL CAPTION, HEADLINE, URL AND VISUAL AS SS022. Third duplicate pair after SS013/SS036 and (partial) SS027/SS031. Likely a repost - or an accidental re-upload.",demo - real-time data,product_capability,7450161776261820416,2026-04-15,1.0,prefix (195 chars),104.0
SS041,batch9,full,verified,"Most systems stop at submission, leaving teams to track awards manually. GrantsNow connects Pre Award to Post Award so you have visibility from idea to outcome. Get in touch: https://lnkd.in/dU2Brsef

#GrantLifecycle #PostAward #ResearchManagement #GrantsNow","Most systems stop at submission, leaving teams to track awards manually. GrantsNow connects Pre Award to Post Award so you have visibility from idea to outcome. Get in touch: https://lnkd.in/dU2Brsef",199,statement,210,yes,29,3,2,9.7,6.9,no,0,no,0,no,GrantsNow connects Pre Award to Post Award so you have visibility from idea to outcome.,yes,"submission, tracking, Pre Award, Post Award, grant lifecycle, research management",conversational,brand-and-you (mixed),demo,end,contact,Get in touch,no,4,"#GrantLifecycle, #PostAward, #ResearchManagement, #GrantsNow",brand + niche,,https://lnkd.in/dU2Brsef,image,photo + light cream card overlay,"group of 5 professionals around a laptop, bright office scene",yes,yes,5,the cream card headline + 'Sounds neat right?' pill,photographic,bright warm neutral,cream card + orange border + teal type + teal 'Sounds neat right?' pill,brand-teal + gold + bright-photographic,medium,bright natural-light photo,yes,A platform that supports both Pre-Award and Post-Award.,sentence-case mixed-weight,55,Sounds neat right?,,GrantsNow logo TL + HM Government G-Cloud Supplier TR,corners (no footer strip),bright team photo with cream card and conversational pill,"IDENTICAL CAPTION, HEADLINE, URL AND VISUAL AS SS023. Fourth duplicate in the set. Same batch as SS040 which duplicates SS022 - suggesting a batch repost of the demo posts.",demo - full lifecycle,product_capability,7449792344716959744,2026-04-14,1.0,prefix (170 chars),189.0
SS042,batch10,full,unknown,"Universities are uncovering significantly more funding opportunities by using a single platform that brings searchable global grant databases, custom alerts, and automation together. Want to find out how they're doing it?

#GrantsNow #GrantsManagement #ResearchFunding #PreAwards #HigherEducation #FundingOpportunities","Universities are uncovering significantly more funding opportunities by using a single platform that brings searchable global grant databases, custom alerts, and automation together. Want to find out how they're doing it?",221,question,210,no,31,2,2,15.5,13.5,no,0,no,0,no,"A single platform that brings searchable global grant databases, custom alerts, and automation together.",yes,"universities, funding opportunities, global grant databases, custom alerts, automation, funding opportunities, higher education",conversational,brand-and-you (mixed),brand awareness,none in caption,none,,yes,6,"#GrantsNow, #GrantsManagement, #ResearchFunding, #PreAwards, #HigherEducation, #FundingOpportunities",brand + broad,,,image,photo + all-caps typography,"classroom/lecture scene with presenter and students, dark teal overlay",yes,partial (multiple),4,the all-caps '25%+ INCREASE' claim + question prompt,photographic,dark teal-tinted lecture hall,white all-caps type + bold 'how' accent + downward arrow,brand-teal + white + photographic,high,photo with heavy overlay,yes,UNIVERSITIES ARE FINDING A 25%+ INCREASE IN GRANTS FUNDING OPPORTUNITIES,all-caps bold,71,? Want to know how?,downward arrow indicator (no URL),GrantsNow logo TL + HM Government G-Cloud Supplier TR,corners (no footer strip),photo hero with all-caps stat and interactive question prompt,fourth all-caps headline in the set + third 25% stat (SS013 SS036 SS045) + '? Want to know how?' prompt with arrow (invites reply / next-post continuation),brand awareness - 25% funding lift,product_capability,7419379195031588864,2026-01-20,1.0,prefix (217 chars),155.0
SS043,batch10,full,verified,"ERP integrations should not take 18 months. GrantsNow delivers faster, seamless connectivity so your team can focus on winning more funding, not waiting on integrations.

#GrantsNow #PreAwards #ERPIntegration #ResearchFunding #HigherEducation","ERP integrations should not take 18 months. GrantsNow delivers faster, seamless connectivity so your team can focus on winning more funding, not waiting on integrations.",169,statement,210,yes,25,2,2,12.5,10.2,no,0,no,0,no,"GrantsNow delivers faster, seamless connectivity so your team can focus on winning more funding, not waiting on integrations.",yes,"ERP integrations, 18 months, seamless connectivity, winning funding, pre-awards, higher education",authoritative,brand-third-person,demo,none in caption,none,,no,5,"#GrantsNow, #PreAwards, #ERPIntegration, #ResearchFunding, #HigherEducation",brand + niche,,,image,portrait photo + typography with inner speech bubble,"frustrated businessman with head resting on hand, office in background",yes,yes (expressive),1,the frustrated portrait + '18 months' highlight + inner monologue speech bubble,photographic,dark teal-tinted office,white type + yellow highlighter on '18 months' + cream speech-bubble,brand-teal + accent-yellow + photographic,high,photo realistic with overlay,yes,Should it really take 18 months to build the ERP integrations to my Pre-Awards Platform?,mixed-weight bold with yellow highlighter on '18 months',89,Wish I'd known about GrantsNow sooner,Get in touch (+44) 7710 041194 | grantsnow.co.uk,GrantsNow logo TL + HM Government G-Cloud Supplier TR + contact footer strip,corners + footer contact strip,character-driven portrait with inner monologue speech-bubble - most emotional creative in the set,first single-person portrait with clear emotional expression (frustration) + first inner-monologue speech bubble ('Wish I'd known...') + yellow highlighter on the stat. This is the '18 months' theme that also drives SS017/SS044 MotoGP creatives - three variants of the same claim now.,demo - ERP integration speed,pain_point + product_capability,7419016802879381504,2026-01-19,1.0,prefix (165 chars),124.0
SS044,batch10,full,verified,"Many universities wait over a year for their Pre Award system to connect with finance and HR platforms. GrantsNow delivers clean, pre built integrations with Oracle cloud so you can go live in less than half the time faster. Get in touch: https://lnkd.in/dU2Brsef

#University #ResearchManagement #GrantsNow","Many universities wait over a year for their Pre Award system to connect with finance and HR platforms. GrantsNow delivers clean, pre built integrations with Oracle cloud so you can go live in less than half the time faster. Get in touch: https://lnkd.in/dU2Brsef",263,statement,210,no,42,3,2,14.0,7.0,no,0,no,0,no,GrantsNow delivers pre-built integrations with Oracle cloud so you can go live in less than half the time.,yes,"pre-award, integrations, finance, HR platforms, Oracle cloud, universities, research management",conversational,brand-and-you (mixed),demo,end,contact,Get in touch,no,3,"#University, #ResearchManagement, #GrantsNow",brand + broad,,https://lnkd.in/dU2Brsef,image,action photo (MotoGP racing bike),"MotoGP racing bike with GrantsNow branding, motion blur, rider in green leathers","yes (rider on bike, helmet)",no,1,the racing bike + '18+ months?' hook,photographic,green track blur + dark racing photo,green bike + white type,brand-teal + racing-green + photographic,high,action photo with speed blur,yes,Do Pre-Awards integrations really need 18+ months to build?,mixed-weight bold with '18+ months?' enlarged,60,GrantsNow does it faster,Get in touch (+44) 7710 041194 | grantsnow.co.uk,GrantsNow logo TL + contact footer strip + UNIT4 Partner + Oracle Partner logos BR,corners + footer contact strip + partner co-brand row,sports action photo with typographic hook,"IDENTICAL CAPTION, HEADLINE, URL AND VISUAL AS SS017. Fifth duplicate cluster in the set. Together with SS043's frustrated-executive portrait, this is now a three-post lineage around the '18 months integration' pain.",demo - Oracle integration,product_capability,7455540400532066305,2026-04-30,1.0,prefix (234 chars),223.0
SS045,batch10,top-cropped,inferred,"We all know the following, finding the right funding opportunity can feel like searching for a needle in a haystack. Institutions have waited a long time for smarter alerts, in depth filtering, and the ability to pinpoint specific grants that align with their goals, so they can spend more time innovating and less time searching for funding.

🎯 The good news
Institutions are already able to access a 25% increase in funding opportunities using the Funder Opportunity Scanner tool found on GrantsNow's highly intuitive platform, taking searching for funding opportunities from a highly manual, time consuming process to a quick accurate search.

🎯 Why this matters:
In today's competitive funding landscape, being first to know about the right opportunities can make all the difference. Our centralised, AI enhanced solution, continuously scans UK, EU, and global funding landscapes and delivers relevant opportunities straight to you. No endless searches. No manual processes. Just smarter discovery and more opportunity.

🎯 Features:
Smart Search by Your Priorities: Filter funding calls by keyword, discipline, career stage, funder, award type, closing date, and more.
AI Powered Alerts: Receive instant, personalised alerts for new funding opportunities based on your interests and expertise.
Funding News & Policy Updates: Stay ahead of the curve with curated news and key funding policy developments from major funders.
Collaborate and Share: Spot an ideal opportunity? Share it seamlessly with colleagues or teams.
Automatic Template Magic: Funding call data is automatically converted into funder templates.

🎯 Who's Already on the Platform?:
The Scanner covers a wide range of leading funders, including UK Research and Innovation (UKRI), Horizon Europe, NIH, Wellcome Trust, Cancer Research UK, and global organisations such as the Bill & Melinda Gates Foundation.

🎯 Final Thoughts:
If you're serious about unlocking the right funding faster and smarter, more and more universities are finding Funder Opportunity Scanner a great advantage.

#ResearchInnovation #GrantsNow #AI #GrantFunding #HigherEd #Education #Grants","We all know the following, finding the right funding opportunity can feel like searching for a needle in a haystack. Institutions have waited a long time for smarter alerts, in depth filtering, and the ability to pinpoint specific grants that align with their goals, so they can spend more time innovating and less time searching for funding.",342,statement,210,no,308,16,7,19.2,13.2,no,0,yes,5,no,Institutions are already able to access a 25% increase in funding opportunities using the Funder Opportunity Scanner on GrantsNow's platform.,yes,"funding opportunity, needle in a haystack, smarter alerts, funder opportunity scanner, UKRI, Horizon Europe, NIH, Wellcome Trust, Cancer Research UK, Bill & Melinda Gates Foundation, AI, higher education",authoritative,brand-third-person,article,throughout (sectioned),none,,yes,7,"#ResearchInnovation, #GrantsNow, #AI, #GrantFunding, #HigherEd, #Education, #Grants",brand + broad - heavy (7 tags),,,image,illustrated card preview with product headline,illustration of people with computers + product claim card + partner logos + arrow,yes (illustrated),yes (illustrated),2,the 25% claim card with partner co-brand row,solid,dark teal card + cream area,teal type + white illustration + orange accent + partner logos,brand-teal + gold + illustrated,high,flat illustration with product card,yes,Increase your Grants Funding opportunities by 25%,sentence-case mixed-weight,50,With the Funder Opportunity Scanner,,GrantsNow logo + UNIT4 Partner + Oracle Partner (visible on the card),top + partner co-brand row,long-form article carousel/preview - longest caption in the set,"longest caption by an order of magnitude + 🎯 target emoji as section headers (new device) + specific funder names (UKRI, Horizon Europe, NIH, Wellcome Trust, Cancer Research UK, Bill & Melinda Gates Foundation) - highest specificity in the set + first article-style long-form treatment",article - Funder Opportunity Scanner deep-dive,thought_leadership + product_capability,7417192547816710144,2026-01-14,0.909,jaccard (0.91),555.0
SS046,batch10,full,verified,"We know the options for Pre- and Post-Awards Management software are limited, especially when most are built on technology that's nearly a decade old. GrantsNow is different. As a true SaaS solution, it comes with modern, pre-built integrations for ERP, Finance, and HR systems, bringing unmatched efficiency and innovation.

Get in touch: https://lnkd.in/dU2Brsef

#grantsnow #grantsmanagement #preawards #postawards #SaaS","We know the options for Pre- and Post-Awards Management software are limited, especially when most are built on technology that's nearly a decade old. GrantsNow is different. As a true SaaS solution, it comes with modern, pre-built integrations for ERP, Finance, and HR systems, bringing unmatched efficiency and innovation.",324,statement,210,no,52,4,3,13.0,9.5,no,0,no,0,no,"GrantsNow is a true SaaS solution with modern, pre-built integrations for ERP, Finance, and HR systems.",yes,"pre-awards, post-awards management, decade-old tech, true SaaS, pre-built integrations, ERP, finance, HR systems",conversational,brand-and-you (mixed),demo,end,contact,Get in touch,yes,5,"#grantsnow, #grantsmanagement, #preawards, #postawards, #SaaS",brand + niche - all lowercase,,https://lnkd.in/dU2Brsef,image,portrait photo + typography on light background,"woman sitting cross-legged with laptop, smiling (soft mono/desaturated) on cream background",yes,yes (smiling),1,the punchline 'Think Again.' + the smiling person,solid,cream-white with subtle wave motif,dark teal type + gold star accent + soft photo,brand-teal + gold + cream,medium,flat cream with soft-focus portrait,yes,Still investing time and money into decade-old Pre-awards tech?,sentence-case mixed-weight with 'decade-old' emphasised,63,Think Again.,Get in touch (+44) 7710 041194 | grantsnow.co.uk,GrantsNow logo TL + HM Government G-Cloud Supplier TR + contact footer strip,corners + footer contact strip,light editorial - cream background with soft portrait and two-word close,first cream-background portrait (rest use dark-teal overlays) + 'Think Again.' two-word punchline close + gold star as micro-accent (new element),demo - decade-old tech callout,pain_point + product_capability,7416836939351486466,2026-01-13,1.0,prefix (327 chars),155.0
SS047,batch11,full,verified,"GrantsNow's Funder Opportunity Scanner automates this process and highlights matched calls based on your research strengths. A first in UK higher education. Get in touch: https://lnkd.in/dU2Brsef

#FundingCalls #ResearchSupport #GrantOpportunities #HigherEdUK #GrantsNow",GrantsNow's Funder Opportunity Scanner automates this process and highlights matched calls based on your research strengths. A first in UK higher education. Get in touch: https://lnkd.in/dU2Brsef,195,statement,210,yes,25,3,2,8.3,8.2,no,0,no,0,no,GrantsNow's Funder Opportunity Scanner highlights matched calls based on your research strengths - a first in UK higher education.,yes,"funder opportunity scanner, matched calls, research strengths, UK higher education, funding calls, research support, grant opportunities",authoritative,brand-third-person,demo,end,contact,Get in touch,no,5,"#FundingCalls, #ResearchSupport, #GrantOpportunities, #HigherEdUK, #GrantsNow",brand + niche,,https://lnkd.in/dU2Brsef,image,photo + all-caps typography,"hand pointing at screen with blurred data/charts, dark teal overlay",partial (hand only),no,1,the all-caps 'WHY IS FINDING FUNDING STILL A MANUAL TASK?' hook,photographic,dark teal-tinted office,white all-caps type + gold divider,brand-teal + gold + photographic,high,photo with heavy overlay,yes,WHY IS FINDING FUNDING STILL A MANUAL TASK?,all-caps bold,43,Research offices spend hours searching for opportunities across multiple sites.,Get in touch (+44) 7710 041194 | grantsnow.co.uk,GrantsNow logo TL + HM Government G-Cloud Supplier TR + contact footer strip,corners + footer contact strip,photo hero with all-caps question hook,fifth all-caps headline in the set + 'A first in UK higher education' positioning claim in the caption (rarely used exclusivity language),demo - Funder Opportunity Scanner,pain_point + product_capability,7414636968992686080,2026-01-07,1.0,prefix (167 chars),119.0
SS048,batch11,full,verified,"Last minute deadlines, missing documents and manually creating proposal templates is slowing down the grants funding process. GrantsNow solves this with structured proposal templates, required fields and automated prompts so submissions are completed before they reach your office. Get in touch: https://lnkd.in/dU2Brsef

#ResearchAdmin #GrantPreparation #UniversityResearch #PreAward #GrantsNow","Last minute deadlines, missing documents and manually creating proposal templates is slowing down the grants funding process. GrantsNow solves this with structured proposal templates, required fields and automated prompts so submissions are completed before they reach your office. Get in touch: https://lnkd.in/dU2Brsef",320,story_open,210,no,41,3,2,13.7,11.6,no,0,no,0,no,"GrantsNow solves this with structured proposal templates, required fields and automated prompts so submissions are completed before they reach your office.",yes,"last minute deadlines, missing documents, proposal templates, required fields, automated prompts, research admin, grant preparation, pre-award",authoritative,brand-and-you (mixed),demo,end,contact,Get in touch,no,5,"#ResearchAdmin, #GrantPreparation, #UniversityResearch, #PreAward, #GrantsNow",brand + niche,,https://lnkd.in/dU2Brsef,image,photo + all-caps typography with yellow highlighter,"hand on tablet with document icons overlay, dark teal tint",partial (hand only),no,1,the all-caps 'CHASING RESEARCHERS FOR MISSING DOCUMENTS?' hook + response pill,photographic,dark teal-tinted tech photo,white all-caps type + yellow highlighter on 'MISSING' + teal pill,brand-teal + accent-yellow + photographic,high,photo with heavy overlay,yes,STILL CHASING RESEARCHERS FOR MISSING DOCUMENTS?,all-caps bold with yellow highlighter on 'MISSING',48,GrantsNow solves exactly this problem!,Get in touch (+44) 7710 041194 | grantsnow.co.uk,GrantsNow logo TL + HM Government G-Cloud Supplier TR + contact footer strip,corners + footer contact strip,photo hero with all-caps hook and yellow highlighter accent,sixth all-caps headline + yellow highlighter on a single word (like SS026 SS027 SS031 SS043) + question-plus-response pill pairing,demo - proposal templates,pain_point + product_capability,7413915945481428992,2026-01-05,1.0,prefix (290 chars),128.0
SS049,batch11,top-cropped,unknown,"Merry Christmas from the GrantsNow team! Sending our best wishes to our partners across higher education and everyone has supported us this year 🎄🎁❄️👨‍💼

#preawards #grantsmanagement #grantsnow #postawards",Merry Christmas from the GrantsNow team! Sending our best wishes to our partners across higher education and everyone has supported us this year 🎄🎁❄️👨‍💼,152,statement,205,yes,24,2,2,12.0,8.4,no,0,yes,5,no,n/a - seasonal greeting post,,"christmas, higher education, partners",conversational,brand-third-person,seasonal,none in caption,none,,no,4,"#preawards, #grantsmanagement, #grantsnow, #postawards",brand + niche - all lowercase,,,image,seasonal photo with typography,snowy holly leaves and red berries with 'Merry Christmas' typography,no,no,0,the Merry Christmas serif greeting,photographic,dark green holly with white snow,white serif type + white script type,natural-seasonal (dark green + white + red),high,photo realistic with snow overlay,yes,Merry Christmas,serif italic large + script sub,15,From the GrantsNow Team,,GrantsNow team signature in script,centred in headline,editorial holiday card - completely off-template,"first and only seasonal / holiday post in the set + first with emojis in the caption (four decorative emojis) + first serif italic type + no offer, no CTA",seasonal - Christmas greeting,community_celebration,7409925909564264448,2025-12-25,1.0,prefix (143 chars),290.0
SS050,batch11,full,verified,"Is your university struggling with inefficiencies in pre-award processes that delay submissions?

GrantsNow can help streamline your workflows by centralising tasks like proposal submissions, compliance tracking, and budgeting. By automating these key elements, you will reduce processing time, eliminate errors, and ensure smoother collaboration between departments. This not only boosts efficiency but also increases your chances of securing more funding with less manual work involved.

#GrantsNow #PreAwardExcellence #HigherEfficiency",Is your university struggling with inefficiencies in pre-award processes that delay submissions?,96,question,210,yes,65,4,3,16.2,14.1,no,0,no,0,no,"GrantsNow streamlines workflows by centralising tasks like proposal submissions, compliance tracking, and budgeting.",yes,"university, pre-award inefficiencies, workflows, proposal submissions, compliance tracking, budgeting, ERP integration",conversational,brand-and-you (mixed),brand awareness,none in caption,none,,yes,3,"#GrantsNow, #PreAwardExcellence, #HigherEfficiency",brand + broad - light (3 tags),,,image,photo + typography with response pill,"smiling businessman at laptop, professional casual",yes,yes,1,the ERP question + 'When GrantsNow does it for you' response pill,photographic,dark teal-tinted office with warm accent,white type + white response pill,brand-teal + white + photographic,high,photo realistic with overlay,yes,Why should you get an entire team to integrate your Pre-Award platform with your ERP?,mixed-weight bold,85,When GrantsNow does it for you,,GrantsNow check-mark logo TR (unusual placement - only post with just the check mark),TR check-mark only,photo hero with question and response pill - fourth ERP/18-month variant,"fourth ERP/integration campaign variant (SS017, SS043, SS044, SS050) + only post with just the check-mark logo (no full GrantsNow wordmark visible) + 3 hashtags (very light)",brand awareness - ERP integration,pain_point + product_capability,7408838760735338496,2025-12-22,1.0,prefix (400 chars),103.0
SS051,batch11,full,verified,"Make your Pre Awards system work your way. With GrantsNow, you can quickly configure forms, fields, hierarchies and approval workflows without waiting on developers.

#ResearchFunding #PreAwards #ResearchManagement #GrantsNow","Make your Pre Awards system work your way. With GrantsNow, you can quickly configure forms, fields, hierarchies and approval workflows without waiting on developers.",165,statement,210,yes,24,2,2,12.0,8.8,no,0,no,0,no,"With GrantsNow, you can quickly configure forms, fields, hierarchies and approval workflows without waiting on developers.",yes,"pre-awards system, configure, forms, fields, hierarchies, approval workflows, developers",conversational,brand-and-you (mixed),demo,none in caption,none,Switch,no,4,"#ResearchFunding, #PreAwards, #ResearchManagement, #GrantsNow",brand + niche,,,image,typography on dark gradient with seasonal snowflakes,dark teal background with subtle snowflake motif and headline claim,no,no,0,the 'in minutes not months' claim + Switch pill,gradient,dark teal with subtle snowflakes,white type + teal accent italics,brand-teal + white + seasonal-snow,high,flat gradient with snowflake overlay,yes,"Configure forms, fields, hierarchies & approvals in minutes not months","mixed-weight bold with teal italic accent on 'forms, fields, hierarchies & approvals'",69,Switch to GrantsNow,,GrantsNow logo top-centre,top-centre,typography-only dark poster with snowflake seasonal motif,"seasonal snowflake motif on a product poster (winter campaign, not Christmas message) + teal italic accent inside the headline + no photo, no footer strip",demo - configurable Pre-Awards,product_capability,7451951574739886080,2026-04-20,1.0,prefix (160 chars),141.0
SS052,batch11,full,verified,"Managing integrations, reports, and configurations in-house can drain valuable time and resources. With GrantsNow, you don't have to. Our team of 250+ consultants ensures seamless integration and customisation, so you can focus on what truly matters.

#HigherEdTech #GrantsNow #GrantManagement #Automation #Efficiency #SeamlessIntegration","Managing integrations, reports, and configurations in-house can drain valuable time and resources. With GrantsNow, you don't have to. Our team of 250+ consultants ensures seamless integration and customisation, so you can focus on what truly matters.",250,statement,210,no,36,3,2,12.0,10.3,no,0,no,0,no,Our team of 250+ consultants ensures seamless integration and customisation so you can focus on what truly matters.,yes,"integrations, reports, configurations, 250+ consultants, seamless integration, customisation, higher ed tech, automation",conversational,brand-and-you (mixed),demo,none in caption,none,,no,6,"#HigherEdTech, #GrantsNow, #GrantManagement, #Automation, #Efficiency, #SeamlessIntegration",brand + niche,,,image,typography on dark gradient with seasonal snowflakes,dark teal background with subtle snowflakes and IT-team question,no,no,0,the IT-team question with 'burdened' italic accent + sub-claim,gradient,dark teal with subtle snowflakes,white type + teal italic accent on 'burdened',brand-teal + white + seasonal-snow,high,flat gradient with snowflake overlay,yes,"Is your IT team burdened with integrations, reports and configurations",mixed-weight bold with teal italic accent on 'burdened',74,A Fully configurable & seamless Pre-Award solution integrated with your ERP,,GrantsNow logo top-centre,top-centre,typography-only dark poster with snowflake seasonal motif,"SAME CAPTION AS SS030 but the creative is completely different - SS030 was a photo of six people in a meeting, SS052 is a snowflake typography poster. Same message, two very different visual worlds. This is the strongest signal in the set for testing whether the visual template alone changes performance when everything textual is held constant.",demo - IT team burden,pain_point + product_capability,7434243645479903232,2026-03-02,1.0,prefix (242 chars),151.0
SS053,batch11,full,verified,"Many solutions claim to be SaaS, but few actually are. A TRUE SaaS platform has a single codebase, instant updates, and scalable configurations. Read the blog to know more: https://lnkd.in/eqK3_-vN

#grantsnow #preawards #research #grantsmanagement #armauk #SaaS","Many solutions claim to be SaaS, but few actually are. A TRUE SaaS platform has a single codebase, instant updates, and scalable configurations. Read the blog to know more: https://lnkd.in/eqK3_-vN",197,statement,210,yes,29,3,2,9.7,6.5,no,0,no,0,no,"A TRUE SaaS platform has a single codebase, instant updates, and scalable configurations.",yes,"SaaS, True SaaS, single codebase, instant updates, scalable configurations, pre-awards, research management, ARMA UK, save 35% budget, increase grants funding by 25%",authoritative,brand-third-person,blog,end,read,Read,no,6,"#grantsnow, #preawards, #research, #grantsmanagement, #armauk, #SaaS",brand + niche - all lowercase,,https://lnkd.in/eqK3_-vN,image,typography on dark navy with sticky-note pills,dark navy background with dotted pattern + question headline + two teal sticky-note pills with stats,no,no,0,"the question headline + two sticky-note stats (Save 35% Budget, Increase Grants Funding by 25%)",solid,dark navy with dotted pattern,white type + teal sticky pills + white CTA pill,brand-teal + navy + white,high,flat with dotted pattern,yes,IS your platform TRUE SaaS or just older tech hosted on cloud,mixed-weight bold,60,Save 35% Budget + Increase Grants Funding by 25%,Futureproof your university today,GrantsNow logo top-centre + Futureproof CTA pill,top-centre + centred CTA pill,typography poster with sticky-note stat pills,"SAME CAPTION AS SS026, SS027, SS031 (True SaaS blog cluster) but the visual is a dark navy typography poster with sticky-note stat pills - fourth visual variant of the same blog. Combined with SS027/SS031 (photo variants) and SS026 (photo with 2 women), this is the biggest visual A/B/C/D pool for one blog piece.",blog - True SaaS,thought_leadership,7439332180469862400,2026-03-16,1.0,prefix (166 chars),228.0
SS054,batch11,full,unknown,"GrantsNow empowers research offices to identify the right opportunities faster, streamline submissions, and increase funding success through automation and smart integrations. Find out how: https://lnkd.in/dU2Brsef

#GrantsNow #ResearchFunding #GrantsManagement #PreAwards #HigherEducation #FundingSuccess #ResearchInnovation","GrantsNow empowers research offices to identify the right opportunities faster, streamline submissions, and increase funding success through automation and smart integrations. Find out how: https://lnkd.in/dU2Brsef",214,statement,210,no,24,2,2,12.0,13.7,no,0,no,0,no,"GrantsNow empowers research offices to identify opportunities faster, streamline submissions, and increase funding success through automation and integrations.",yes,"research offices, funding opportunities, submissions, automation, integrations, higher education, funding success, research innovation",authoritative,brand-third-person,demo,end,contact,Find out,no,7,"#GrantsNow, #ResearchFunding, #GrantsManagement, #PreAwards, #HigherEducation, #FundingSuccess, #ResearchInnovation",brand + broad - very heavy (7 tags),,https://lnkd.in/dU2Brsef,image,typography on dark solid,dark teal solid with headline claim and sub,no,no,0,the solution claim + sub about Pre-Award integration,solid,dark teal,white type + teal italic accent on 'solution',brand-teal + white,high,flat solid,yes,The solution for maximising Grants funding opportunities,mixed-weight bold with teal italic accent on 'solution',55,A Fully configurable & seamless Pre-Award solution integrated with your ERP,,GrantsNow logo bottom-centre,bottom-centre,typography-only dark poster,SAME CAPTION AS SS018 (which was a bright photo of a businessman with team) but this is a dark typography-only poster - clean visual A/B,demo - funding success,product_capability,7453065189752557568,2026-04-23,1.0,prefix (185 chars),139.0
SS055,batch11,bottom-cropped,inferred,"Imagine freeing up 35% of your team's time to work on only the most important tasks - that's what GrantsNow can do by automating manual, repetitive tasks that bog down the grant submission process.

With more time available, your team can increase the number of funding applications they submit by over a third, leading to significantly more grant approvals and funding. More submissions mean more opportunities for research growth, and GrantsNow makes it happen efficiently.

#GrantsNow #TimeSavings #MoreSubmissions #grantsmanagement #educationtrends","Imagine freeing up 35% of your team's time to work on only the most important tasks - that's what GrantsNow can do by automating manual, repetitive tasks that bog down the grant submission process.",197,stat_or_number,210,yes,75,3,3,25.0,13.4,no,0,no,0,no,"GrantsNow can free up 35% of your team's time by automating manual, repetitive tasks that bog down the grant submission process.",yes,"35% time savings, funding applications, grant approvals, grant submission process, automation, time savings, more submissions, education trends",conversational,brand-and-you (mixed),brand awareness,none in caption,none,,no,5,"#GrantsNow, #TimeSavings, #MoreSubmissions, #grantsmanagement, #educationtrends",brand + niche - mixed case,,,image,photo + typography with teal circle accent,"hand pointing at a wrist watch on another wrist, dark teal-tinted photo",yes (hands only),no,2,the wristwatch with teal circle drawn around it + 35% claim,photographic,dark teal-tinted photo,white type + teal accent on '35%' + teal circle around watch,brand-teal + white + photographic,high,photo realistic with darkened tint,yes,How does freeing up 35% more time for Grants Submissions sound,mixed-weight bold with teal accent on '35%',62,,,GrantsNow logo top-centre,top-centre,photo hero with wrist-watch time metaphor and hand-drawn teal circle accent,first watch/time visual metaphor + hand-drawn teal circle as accent (new device) + 35% stat (SS053 also used 35%) + 'Imagine freeing up X%' opener (like SS033's 'Imagine being able to'),brand awareness - time savings,product_capability,7404844937848037376,2025-12-11,1.0,prefix (400 chars),346.0
SS056,batch11,full,verified,"Looking for a single cloud platform to manage BOTH Pre & Post Awards, including Ethics & Contracts? GrantsNow delivers it all-fully integrated, highly configurable, and built on modern Oracle Cloud technology!

Get in touch: https://lnkd.in/dU2Brsef

#grantsnow #grantsmanagement #preawards #postwards #cloud #SaaS","Looking for a single cloud platform to manage BOTH Pre & Post Awards, including Ethics & Contracts? GrantsNow delivers it all-fully integrated, highly configurable, and built on modern Oracle Cloud technology!",209,statement,210,yes,34,3,3,11.3,9.1,no,0,no,0,no,"GrantsNow delivers it all - fully integrated, highly configurable, and built on modern Oracle Cloud technology.",yes,"single cloud platform, Pre & Post Awards, Ethics & Contracts, Oracle Cloud, SaaS, grants management",conversational,brand-and-you (mixed),demo,end,contact,Get in touch,yes,6,"#grantsnow, #grantsmanagement, #preawards, #postwards, #cloud, #SaaS",brand + niche - all lowercase (has typo #postwards),,https://lnkd.in/dU2Brsef,image,portrait photo + testimonial speech card,"smiling man at laptop, professional casual",yes,yes (smiling),1,the testimonial speech card + 'GrantsNow has it all!' pill,photographic,dark teal-tinted office,cream speech card + teal accent + gold status pill,brand-teal + gold + cream + photographic,high,photo realistic with overlay,yes,"Thanks to GrantsNow, I have a single cloud platform to manage both Pre & Post Awards including ethics and contracts",first-person testimonial in quote marks,115,GrantsNow has it all!,,GrantsNow logo TL,TL only,portrait-plus-speech-card - first testimonial in the set,FIRST TESTIMONIAL-STYLE POST (first-person quote from a smiling user) + typo in hashtag #postwards missing an 'a' + no HM Government badge + em-dash in caption 'delivers it all-fully',demo - single cloud platform,product_capability + community_celebration,7404490840879869953,2025-12-10,1.0,prefix (213 chars),74.0
SS057,batch12,full,verified,"GrantsNow is empowering research teams to work smarter, not harder. Discover why UK institutions are opting for a platform designed for outcomes, not workarounds. Get in touch: https://lnkd.in/dU2Brsef

#GrantsNow #PreAwardSoftware #ResearchManagement #HigherEdTech #TrueSaaS #UKUniversities","GrantsNow is empowering research teams to work smarter, not harder. Discover why UK institutions are opting for a platform designed for outcomes, not workarounds. Get in touch: https://lnkd.in/dU2Brsef",201,statement,210,yes,27,3,2,9.0,8.5,no,0,no,0,no,"GrantsNow is a platform designed for outcomes, not workarounds - 25% funding lift, 35% cost saved, fastest-growing True SaaS in the UK.",yes,"research teams, UK institutions, pre-award software, higher ed tech, True SaaS, 25% funding, 35% cost saved",conversational,brand-and-you (mixed),demo,end,contact,Get in touch,no,6,"#GrantsNow, #PreAwardSoftware, #ResearchManagement, #HigherEdTech, #TrueSaaS, #UKUniversities",brand + niche,,https://lnkd.in/dU2Brsef,image,photo (B&W portrait) + typography with scattered stat cards,smiling black-and-white portrait of a man with crossed arms surrounded by three stat cards,yes,yes,1,"the smiling portrait + three scattered stat cards (25% funding, 35% cost, fastest-growing)",solid,dark teal with subtle wave pattern,large teal all-caps + white stat cards + cartoon '!!!' + Visit pill,brand-teal + white + black-and-white portrait,high,flat solid with B&W portrait cut-out and flat cards,yes,NEED MORE FUNDING FOR YOUR UNIVERSITY?,large teal all-caps sans-serif,39,25% Increase in Grants Funding opportunities | 35% Cost saved when implementing GrantsNow | Fastest Growing True SaaS cloud Pre-Award platform in the UK,Visit GrantsNow.co.uk,GrantsNow logo (implicit in Visit pill) - no HM Government badge,distributed on the cards,editorial cut-out portrait with scattered stat cards - youthful magazine feel,"SAME CAPTION AS SS032 but visually the opposite - SS032 was architectural photo with a 3-column question card, SS057 is a portrait cut-out with scattered stat cards. Direct visual A/B on the same words. Also uses same three stats (25%, 35%, fastest-growing) as SS032 sub-list.",demo - GrantsNow Treatment,product_capability,7433156492133896193,2026-02-27,1.0,prefix (171 chars),148.0
SS058,batch12,full,verified,"Searching for the next generation in pre-awards software? GrantsNow is here, making pre and post-award administration faster, automated and easily integrated.

#GrantsNow #PreAwardSoftware #PostAwardManagement #ResearchGrants #HigherEdTech #UKUniversities #SmartFunding #FutureReady","Searching for the next generation in pre-awards software? GrantsNow is here, making pre and post-award administration faster, automated and easily integrated.",158,statement,210,yes,21,2,2,10.5,12.0,no,0,no,0,no,"GrantsNow is here, making pre and post-award administration faster, automated and easily integrated.",yes,"next generation, pre-awards software, post-award management, automation, integration, higher ed tech, smart funding, future ready",conversational,brand-and-you (mixed),brand awareness,none in caption,none,,yes,8,"#GrantsNow, #PreAwardSoftware, #PostAwardManagement, #ResearchGrants, #HigherEdTech, #UKUniversities, #SmartFunding, #FutureReady",brand + broad + niche - very heavy (8 tags),,,image,photo (space astronaut) with expanded typography,astronaut in white spacesuit reaching outward with earth curve visible in background,yes (astronaut),no (helmet),1,the DON'T GET LOST hook + astronaut + 25%+ claim,photographic,black space + blue earth curve,white all-caps type + teal accent + green check,black + brand-teal + white + photographic,very high,photo realistic with cosmic backdrop,yes,DONT GET LOST,all-caps bold (no apostrophe in this variant),13,Searching for an advanced Pre-Awards Platform.... Increase funding opportunities by 25%+ with GrantsNow,,GrantsNow check-mark BR (no HM Government badge),BR check-mark only,cinematic space photo with punchy short hook and expanded on-image copy,"near-duplicate of SS028 but with two textual changes: (1) apostrophe missing from 'DONT' in this creative, (2) caption slightly softened ('automated and easily integrated' vs 'more automated and better integrated'). Caption is NOT byte-identical to SS028 so does not count as a hard duplicate; treat as a refinement.",brand awareness - next generation,product_capability + thought_leadership,7403757773408292864,2025-12-08,1.0,prefix (154 chars),91.0
SS059,batch12,full,unknown,"💡 Many schools miss out on valuable grants, not because they're not eligible, but because they don't have the tools or time to find and manage them.

With GrantsNow, your team can:
• Easily discover local, regional, and federal funding opportunities
• Collaborate in one place with clear workflows
• Track deadlines and submissions with ease

#EducationGrants #K12Solutions #FundingSuccess #EdLeaders","💡 Many schools miss out on valuable grants, not because they're not eligible, but because they don't have the tools or time to find and manage them.",148,statement,210,yes,56,2,3,28.0,13.3,yes,3,no,0,no,"With GrantsNow, your team can easily discover local, regional, and federal funding opportunities, collaborate in one place, and track deadlines.",yes,"K12, schools, local regional federal funding, education grants, workflows, deadlines, ed leaders",conversational,brand-and-you (mixed),brand awareness,none in caption,none,,no,4,"#EducationGrants, #K12Solutions, #FundingSuccess, #EdLeaders",US K-12 audience (first non-UK targeting),,,image,photo + massive typography with lock icon,"man with beard and glasses at laptop, teal background, large caps type framing him",yes,yes,1,the massive 'GRANTS FUNDING' letters + 'UNLOCK MORE' pill with lock icon,photographic,dark teal-tinted photo,white all-caps type + teal script accent + gold lock icon,brand-teal + gold + photographic,high,photo with heavy overlay + flat type,yes,GRANTS UNLOCK MORE FUNDING,very large all-caps sans-serif with lock icon in inline pill,26,WITH LESS COST,,GrantsNow logo top-centre,top-centre,typography-hero with portrait framed inside the letters + lock icon and script accent,FIRST US K-12 schools audience targeting in the whole set (rest is UK higher ed) + first emoji lightbulb 💡 at the very start of a caption + first padlock icon + first handwritten script accent 'WITH LESS COST' - completely new visual and audience combination,brand awareness - K-12 schools US market,product_capability,7402361080334733313,2025-12-04,1.0,prefix (325 chars),189.0
SS060,batch12,full,verified,"Research teams deserve tools that remove complexity, not add to it. GrantsNow streamlines key Pre and Post Award tasks so your staff can focus more on delivering impactful research, not admin.

#ResearchFunding #PreAwards #PostAwards #ResearchManagement #GrantsNow","Research teams deserve tools that remove complexity, not add to it. GrantsNow streamlines key Pre and Post Award tasks so your staff can focus more on delivering impactful research, not admin.",192,statement,210,yes,31,2,2,15.5,9.1,no,0,no,0,no,"GrantsNow streamlines key Pre and Post Award tasks so staff can focus on impactful research, not admin.",yes,"research teams, pre-award, post-award, admin, research funding, research management",authoritative,brand-third-person,brand awareness,none in caption,none,,no,5,"#ResearchFunding, #PreAwards, #PostAwards, #ResearchManagement, #GrantsNow",brand + niche,,,image,photo + teal card overlay,hands typing on keyboard with plants in background + teal card centred,partial (hands only),no,1,the all-caps 'DO MORE IN LESS TIME' headline,photographic,muted green-grey desk photo,teal card + cream border + white all-caps type,brand-teal + cream + photographic,high,photo realistic with subtle overlay,yes,DO MORE IN LESS TIME.,all-caps bold,21,Streamline Pre and Post-Award instantly with GrantsNow,Get in touch (+44) 7710 041194 | grantsnow.co.uk,GrantsNow logo TL + HM Government G-Cloud Supplier TR + contact footer strip,corners + footer contact strip,photo hero with short all-caps hook,"IDENTICAL CAPTION, HEADLINE, URL AND VISUAL AS SS020. Sixth byte-identical duplicate in the set (after SS013/SS036, SS017/SS044, SS022/SS040, SS023/SS041).",brand awareness - streamline Pre and Post-Award,product_capability,7452340405129351169,2026-04-21,1.0,prefix (188 chars),138.0
SS061,batch12,full,verified,"Make your Pre Awards system work your way. With GrantsNow, you can quickly configure forms, fields, hierarchies and approval workflows without waiting on developers.

#ResearchFunding #PreAwards #ResearchManagement #GrantsNow","Make your Pre Awards system work your way. With GrantsNow, you can quickly configure forms, fields, hierarchies and approval workflows without waiting on developers.",165,statement,210,yes,24,2,2,12.0,8.8,no,0,no,0,no,"With GrantsNow, you can quickly configure forms, fields, hierarchies and approval workflows without waiting on developers.",yes,"pre-awards system, configure, forms, fields, hierarchies, approval workflows, developers",conversational,brand-and-you (mixed),demo,none in caption,none,Switch,no,4,"#ResearchFunding, #PreAwards, #ResearchManagement, #GrantsNow",brand + niche,,,image,photo + all-caps typography with response pill,"office scene with people silhouetted in background, dark teal overlay",yes (silhouettes),no,2,the all-caps 'IN MINUTES. NOT MONTHS!' hook + Switch pill,photographic,dark teal-tinted office silhouettes,white all-caps type inside a bordered card + teal pill,brand-teal + white + photographic,high,photo with heavy overlay,yes,"CONFIGURE FORMS, FIELDS, HIERARCHIES AND APPROVALS IN MINUTES. NOT MONTHS!",all-caps bold with 'NOT MONTHS!' enlarged as punchline,74,Switch to GrantsNow,Get in touch (+44) 7710 041194 | grantsnow.co.uk,GrantsNow logo TL + HM Government G-Cloud Supplier TR + contact footer strip,corners + footer contact strip,"photo hero with all-caps hook - SS051 was snowflake typography, SS061 is photo overlay","SAME CAPTION AS SS051 but the creative is completely different - SS051 was a snowflake typography poster, SS061 is an office silhouette photo hero. Another visual A/B pair on the same words.",demo - configurable Pre-Awards,product_capability,7451951574739886080,2026-04-20,1.0,prefix (160 chars),141.0
SS062,batch13,bottom-cropped,inferred,"ERP integrations should not take 18 months. GrantsNow delivers faster, seamless connectivity so your team can focus on winning more funding, not waiting on integrations.

#GrantsNow #PreAwards #ERPIntegration #ResearchFunding #HigherEducation","ERP integrations should not take 18 months. GrantsNow delivers faster, seamless connectivity so your team can focus on winning more funding, not waiting on integrations.",169,statement,210,yes,25,2,2,12.5,10.2,no,0,no,0,no,"GrantsNow delivers faster, seamless connectivity so your team can focus on winning more funding, not waiting on integrations.",yes,"ERP integrations, 18 months, seamless connectivity, winning funding, pre-awards, higher education",authoritative,brand-third-person,demo,none in caption,none,,no,5,"#GrantsNow, #PreAwards, #ERPIntegration, #ResearchFunding, #HigherEducation",brand + niche,,,image,portrait photo + typography with inner speech bubble,"frustrated businessman with head resting on hand, office in background",yes,yes (expressive),1,the frustrated portrait + '18 months' highlight + inner monologue speech bubble,photographic,dark teal-tinted office,white type + yellow highlighter on '18 months' + cream speech-bubble,brand-teal + accent-yellow + photographic,high,photo realistic with overlay,yes,Should it really take 18 months to build the ERP integrations to my Pre-Awards Platform?,mixed-weight bold with yellow highlighter on '18 months',89,Wish I'd known about GrantsNow sooner,Get in touch (+44) 7710 041194 | grantsnow.co.uk,GrantsNow logo TL + HM Government G-Cloud Supplier TR + contact footer strip,corners + footer contact strip,character-driven portrait with inner monologue speech bubble,"IDENTICAL CAPTION, HEADLINE, URL AND VISUAL AS SS043. Seventh byte-identical duplicate in the set. The '18 months integration' theme now has SS017, SS043, SS044, SS062 - four rows, three unique creatives (MotoGP twice + frustrated exec twice).",demo - ERP integration speed,pain_point + product_capability,7419016802879381504,2026-01-19,1.0,prefix (165 chars),124.0
SS063,batch13,full,verified,"Budgets are tight and research teams need tools that deliver real value. GrantsNow gives universities an affordable way to manage Pre-Awards work without the complexity. If you are looking for a smarter, budget friendly option, we can help.

#GrantsNow #ResearchFunding #HigherEducation #PreAwards #GrantsManagement #UniversityResearch","Budgets are tight and research teams need tools that deliver real value. GrantsNow gives universities an affordable way to manage Pre-Awards work without the complexity. If you are looking for a smarter, budget friendly option, we can help.",240,statement,210,no,38,3,2,12.7,8.2,no,0,no,0,no,GrantsNow gives universities an affordable way to manage Pre-Awards work without the complexity.,yes,"budgets, research teams, real value, affordable, budget friendly, universities, pre-awards, university research",conversational,brand-and-you (mixed),brand awareness,none in caption,none,,no,6,"#GrantsNow, #ResearchFunding, #HigherEducation, #PreAwards, #GrantsManagement, #UniversityResearch",brand + niche,,,image,photo + quote-style typography with response pill,"person at laptop in background, dark teal overlay + quote-mark all-caps card",yes (background),no,1,the quote-style headline + 'We've got you covered!' response pill,photographic,dark teal-tinted office,white all-caps quote + gold quotation marks + teal 'covered' pill,brand-teal + gold + photographic,high,photo with heavy overlay,yes,"""IN THESE TIMES OF CHALLENGING BUDGETS, WE NEED AN AFFORDABLE PRE-AWARDS SOLUTION""",all-caps bold inside gold quotation marks,82,We've got you covered!,Get in touch (+44) 7710 041194 | grantsnow.co.uk,GrantsNow logo TL + HM Government G-Cloud Supplier TR + contact footer strip,corners + footer contact strip,photo hero with quote-mark treatment - implied testimonial from a decision maker,first quote-mark treatment on the headline (with gold opening/closing quotes) + 'affordable' / 'budget friendly' positioning - only post explicitly leading with price + eighth all-caps headline,brand awareness - affordable pre-awards,pain_point + product_capability,7396529450240192512,2025-11-18,1.0,prefix (235 chars),103.0
SS064,batch13,full,verified,"Most Pre-Awards systems run on outdated tech. GrantsNow is the only UK solution built on state-of-the-art SaaS Cloud, giving universities a faster and more future-ready platform for research funding.

#GrantsNow #GrantsManagement #PreAwards #ResearchFunding #SaaS #HigherEducation #OracleCloud","Most Pre-Awards systems run on outdated tech. GrantsNow is the only UK solution built on state-of-the-art SaaS Cloud, giving universities a faster and more future-ready platform for research funding.",199,statement,210,yes,29,2,2,14.5,9.4,no,0,no,0,no,"GrantsNow is the only UK solution built on state-of-the-art SaaS Cloud, giving universities a faster and more future-ready platform for research funding.",yes,"outdated tech, only UK solution, state-of-the-art, SaaS Cloud, future-ready, universities, research funding, Oracle Cloud",authoritative,brand-third-person,brand awareness,none in caption,none,,no,7,"#GrantsNow, #GrantsManagement, #PreAwards, #ResearchFunding, #SaaS, #HigherEducation, #OracleCloud",brand + niche,,,image,photo + all-caps typography with gold divider,dark teal server-room/tech background with all-caps question and sub,partial (background),no,0,the all-caps 'WHY BUY OUTDATED TECHNOLOGY?' question + gold divider + only-UK claim,photographic,dark teal-tinted server-room photo,white all-caps type + gold divider line,brand-teal + gold + photographic,high,photo with heavy overlay,yes,WHY BUY A PRE-AWARD SOLUTION THAT IS ALREADY ON OUTDATED TECHNOLOGY?,all-caps bold,66,GrantsNow is the only Pre-Awards solution in the UK built on the latest state-of-the-art SaaS Cloud technology.,Get in touch (+44) 7710 041194 | grantsnow.co.uk,GrantsNow logo TL + HM Government G-Cloud Supplier TR + contact footer strip,corners + footer contact strip,photo hero with all-caps question and gold divider - technology positioning,"ninth all-caps headline in the set + 'only UK solution' exclusivity claim (like SS047 'A first in UK higher education') + third variant of the decade-old / outdated / legacy tech theme (SS037, SS046, SS064)",brand awareness - outdated tech,product_capability + thought_leadership,7395103993670107137,2025-11-14,1.0,prefix (196 chars),129.0
SS065,batch13,full,unknown,"Universities are uncovering significantly more funding opportunities by using a single platform that brings searchable global grant databases, custom alerts, and automation together. Want to find out how they're doing it?

#GrantsNow #GrantsManagement #ResearchFunding #PreAwards #HigherEducation #FundingOpportunities","Universities are uncovering significantly more funding opportunities by using a single platform that brings searchable global grant databases, custom alerts, and automation together. Want to find out how they're doing it?",221,question,210,no,31,2,2,15.5,13.5,no,0,no,0,no,"A single platform that brings searchable global grant databases, custom alerts, and automation together.",yes,"universities, funding opportunities, global grant databases, custom alerts, automation, funding opportunities, higher education",conversational,brand-and-you (mixed),brand awareness,none in caption,none,,yes,6,"#GrantsNow, #GrantsManagement, #ResearchFunding, #PreAwards, #HigherEducation, #FundingOpportunities",brand + broad,,,image,photo + all-caps typography,"classroom/lecture scene with presenter and students, dark teal overlay",yes,partial (multiple),4,the all-caps '25%+ INCREASE' claim + question prompt,photographic,dark teal-tinted lecture hall,white all-caps type + bold 'how' accent + downward arrow,brand-teal + white + photographic,high,photo with heavy overlay,yes,UNIVERSITIES ARE FINDING A 25%+ INCREASE IN GRANTS FUNDING OPPORTUNITIES,all-caps bold,71,? Want to know how?,downward arrow indicator (no URL),GrantsNow logo TL + HM Government G-Cloud Supplier TR,corners (no footer strip),photo hero with all-caps stat and interactive question prompt,"IDENTICAL CAPTION, HEADLINE AND VISUAL AS SS042. Eighth byte-identical duplicate in the set.",brand awareness - 25% funding lift,product_capability,7419379195031588864,2026-01-20,1.0,prefix (217 chars),155.0
SS066,batch13,full,verified,"Access real-time cost comparisons with GrantsNow to make faster, more accurate funding decisions. Get in touch: https://lnkd.in/dU2Brsef

#GrantsNow #GrantsManagement #ResearchFunding #HigherEducation","Access real-time cost comparisons with GrantsNow to make faster, more accurate funding decisions. Get in touch: https://lnkd.in/dU2Brsef",136,statement,200,yes,16,2,2,8.0,7.2,no,0,no,0,no,"Access real-time cost comparisons with GrantsNow to make faster, more accurate funding decisions.",yes,"real-time cost comparisons, full economic costings, faster funding decisions, research funding, higher education",authoritative,brand-third-person,demo,end,contact,Get in touch,no,4,"#GrantsNow, #GrantsManagement, #ResearchFunding, #HigherEducation",brand + niche (light - 4 tags),,https://lnkd.in/dU2Brsef,image,bright photo + all-caps typography,"smiling woman and man at a laptop, bright warm office photo",yes,yes (both smiling),2,the all-caps 'REAL-TIME COST COMPARISONS' claim + gold divider under it,photographic,"bright warm neutral (like SS018, SS023)",white all-caps type + gold divider + teal card border,brand-teal + gold + bright-photographic,medium,bright natural-light photo,yes,GET REAL-TIME COST COMPARISONS AND FULL ECONOMIC COSTINGS AT YOUR FINGERTIPS.,all-caps bold,78,,Get in touch (+44) 7710 041194 | grantsnow.co.uk,GrantsNow logo TL + HM Government G-Cloud Supplier TR + contact footer strip,corners + footer contact strip,"bright team photo with all-caps hook - third bright variant (SS018, SS023, SS066)","tenth all-caps headline in the set + third bright-daylight photo (SS018, SS023, SS066) - all three are person-plus-laptop team scenes in warm neutral tones",demo - real-time cost comparisons,product_capability,7393633748526891008,2025-11-10,1.0,prefix (108 chars),96.0
SS067,batch14,full,verified,"Frustrated with complex pricing and approval workflows? GrantsNow simplifies your Pre-Awards process so you can focus on securing more research funding.

#GrantsNow #PreAwards #ResearchFunding #GrantsManagement #HigherEducation",Frustrated with complex pricing and approval workflows? GrantsNow simplifies your Pre-Awards process so you can focus on securing more research funding.,152,statement,210,yes,21,2,2,10.5,9.6,no,0,no,0,no,GrantsNow simplifies your Pre-Awards process so you can focus on securing more research funding.,yes,"complex pricing, approval workflows, pre-awards, research funding, grants management, higher education",conversational,brand-and-you (mixed),brand awareness,none in caption,none,,yes,5,"#GrantsNow, #PreAwards, #ResearchFunding, #GrantsManagement, #HigherEducation",brand + niche,,,image,portrait photo + cream card overlay with response pill,"young woman with head resting on laptop in defeat pose, warm daylight desk",yes,partial (obscured by pose),1,the defeated posture + 'We can help you fix it' response pill,photographic,bright warm neutral (cream + wood tones),cream card + orange border + teal type + teal 'help' pill,brand-teal + gold + cream + photographic,medium,bright natural-light photo + flat card,yes,Managing complex pricing and approval workflows can be frustrating.,sentence-case mixed-weight with 'complex' emphasised,68,We can help you fix it with GrantsNow,Get in touch (+44) 7710 041194 | grantsnow.co.uk,GrantsNow logo TL + HM Government G-Cloud Supplier TR + contact footer strip,corners + footer contact strip,bright editorial with defeated-pose portrait - shares aesthetic with SS046 (Think Again) and SS023 (Sounds neat),second defeated-pose portrait (after SS043 frustrated executive) but rendered in the bright cream aesthetic rather than the dark teal overlay - this pairs the emotional cue with the light-photo template,brand awareness - complex pricing,pain_point + product_capability,7392538681380737024,2025-11-07,1.0,prefix (150 chars),113.0
SS068,batch14,full,verified,"GrantsNow empowers research offices to identify the right opportunities faster, streamline submissions, and increase funding success through automation and smart integrations. Find out how: https://lnkd.in/dU2Brsef

#GrantsNow #ResearchFunding #GrantsManagement #PreAwards #HigherEducation #FundingSuccess #ResearchInnovation","GrantsNow empowers research offices to identify the right opportunities faster, streamline submissions, and increase funding success through automation and smart integrations. Find out how: https://lnkd.in/dU2Brsef",214,statement,210,no,24,2,2,12.0,13.7,no,0,no,0,no,"GrantsNow empowers research offices to identify opportunities faster, streamline submissions, and increase funding success through automation and integrations.",yes,"research offices, funding opportunities, submissions, automation, integrations, higher education, funding success, research innovation",authoritative,brand-third-person,demo,end,contact,Find out,no,7,"#GrantsNow, #ResearchFunding, #GrantsManagement, #PreAwards, #HigherEducation, #FundingSuccess, #ResearchInnovation",brand + broad - very heavy (7 tags),,https://lnkd.in/dU2Brsef,image,photo + cream card overlay,professional man in suit gesturing at a data screen with team behind him,yes,yes,4,man pointing at data screen + 'Only GrantsNow!' claim,photographic,bright white-blue office,cream card + orange border + teal type + teal 'Only GrantsNow!' pill,brand-teal + gold + bright-photographic,medium,bright natural-light photo with flat card,yes,The solution for maximising Grants funding opportunities,mixed-weight bold with 'maximising' emphasised,55,Only GrantsNow!,,GrantsNow logo TL + HM Government G-Cloud Supplier TR,corners,bright corporate photo with cream card,"IDENTICAL CAPTION, HEADLINE AND VISUAL AS SS018. Ninth byte-identical duplicate. The same caption also appears with a completely different creative in SS054 (dark typography-only) so this cluster is now a three-post visual-A/B group with two rows of the bright-photo variant and one row of the dark-typography variant.",demo - funding success,product_capability,7453065189752557568,2026-04-23,1.0,prefix (185 chars),139.0
SS069,batch14,bottom-cropped,inferred,"With GrantsNow, you can assign responsibilities, control access, and ensure data security within a fully configurable and user-friendly platform built for research offices.

Learn more: https://lnkd.in/dU2Brsef

#GrantsNow #GrantsManagement #PreAwards #ResearchFunding #DataSecurity #Compliance #HigherEducation","With GrantsNow, you can assign responsibilities, control access, and ensure data security within a fully configurable and user-friendly platform built for research offices.",172,statement,210,yes,25,2,3,12.5,12.6,no,0,no,0,no,"With GrantsNow, you can assign responsibilities, control access, and ensure data security in a fully configurable platform for research offices.",yes,"roles, permissions, responsibilities, access control, data security, configurable, research offices, pre-awards, compliance, higher education",conversational,brand-and-you (mixed),demo,end,learn_more,Learn,no,7,"#GrantsNow, #GrantsManagement, #PreAwards, #ResearchFunding, #DataSecurity, #Compliance, #HigherEducation",brand + niche - heavy (7 tags),,https://lnkd.in/dU2Brsef,image,typography on light gradient,cream-to-mint gradient with cream card and 'Imagine being able to...' headline,no,no,0,the imagined-outcome card + 'With GrantsNow you can!' pill response,gradient,cream to mint,cream card + orange rounded border + teal type + teal pill,brand-teal + gold + cream,medium,flat gradient with subtle wave lines,yes,Imagine being able to define roles and permissions in your Pre-Awards system.,sentence-case mixed-weight,77,With GrantsNow you can!,,GrantsNow logo TL + HM Government G-Cloud Supplier TR,corners (no footer strip),no-photo poster - cream card with question setup and cheeky response pill,IDENTICAL CAPTION AND VISUAL AS SS033. Tenth byte-identical duplicate in the set.,demo - roles and permissions,product_capability,7432091994195177472,2026-02-24,1.0,prefix (179 chars),292.0
SS070,batch14,full,verified,"Want to protect your reputation through ethical governance in research funding? We can help you stay compliant and manage grants ethically.

Discover how GrantsNow makes it simple: https://lnkd.in/dU2Brsef

#GrantsNow #GrantsManagement #ResearchFunding #PreAwards #PostAwards #EthicalGovernance #Compliance #HigherEducation #ResearchIntegrity #FundingSuccess",Want to protect your reputation through ethical governance in research funding? We can help you stay compliant and manage grants ethically.,139,statement,210,yes,27,3,3,9.0,8.0,no,0,no,0,no,GrantsNow helps you protect your reputation through ethical governance in research funding.,yes,"reputation, ethical governance, research funding, compliance, grants ethically, research integrity, post-awards, higher education",conversational,brand-and-you (mixed),demo,end,learn_more,Discover,yes,10,"#GrantsNow, #GrantsManagement, #ResearchFunding, #PreAwards, #PostAwards, #EthicalGovernance, #Compliance, #HigherEducation, #ResearchIntegrity, #FundingSuccess",brand + niche - heaviest in the set (10 tags),,https://lnkd.in/dU2Brsef,image,portrait photo + cream card overlay with response pill,"woman working at laptop in a cafe or bright office, side view",yes,yes (side),1,the ethical-governance question + 'We Can Help' pill,photographic,"bright warm neutral (like SS023, SS046, SS067)",cream card + orange border + teal type + teal 'help' pill,brand-teal + gold + cream + photographic,medium,bright natural-light photo with flat card,yes,Want to strengthen ethical governance across your grants process?,sentence-case mixed-weight with 'ethical governance' emphasised,65,We Can Help,Get in touch (+44) 7710 041194 | grantsnow.co.uk,GrantsNow logo TL + HM Government G-Cloud Supplier TR + contact footer strip,corners + footer contact strip,bright editorial portrait with question setup and response pill,new heaviest hashtag load in the set (10 tags - beats SS025's 9 and SS028's 8) + first ethical-governance angle + fourth bright-cream portrait template (SS023 SS046 SS067 SS070),demo - ethical governance,pain_point + product_capability,7387095402111569922,2025-10-23,1.0,prefix (176 chars),128.0
SS071,batch14,full,unknown,"Arribatec Group and GrantsNow have partnered to transform research funding management for Unit4 customers in the UK.

The partnership brings together Arribatec's deep ERP expertise and GrantsNow's modern, AI-enabled Pre and Post-Awards platform to deliver a fully integrated solution for universities and research institutions.

Together, they're helping research offices streamline workflows, ensure compliance, and gain complete visibility across the funding lifecycle.

#GrantsNow #Arribatec #Unit4 #GrantsManagement #ResearchFunding #HigherEducation #Innovation",Arribatec Group and GrantsNow have partnered to transform research funding management for Unit4 customers in the UK.,116,statement,210,yes,61,3,4,20.3,16.4,no,0,no,0,no,The partnership brings together Arribatec's ERP expertise and GrantsNow's AI-enabled Pre and Post-Awards platform for a fully integrated solution.,yes,"Arribatec, GrantsNow, partnership, Unit4, research funding, ERP expertise, AI-enabled, pre and post-awards, universities, research institutions",authoritative,brand-third-person,partnership announcement,none in caption,none,,no,7,"#GrantsNow, #Arribatec, #Unit4, #GrantsManagement, #ResearchFunding, #HigherEducation, #Innovation",brand + partner + niche,,,image,typography on light gradient with co-brand marks,cream-to-mint gradient with announcement headline and Arribatec wordmark,no,no,0,the announcement headline + Arribatec wordmark as co-brand,gradient,cream to soft mint,dark teal type + black Arribatec wordmark,brand-teal + cream + partner-black,medium,flat gradient,yes,Arribatec and GrantsNow announce partnership to transform research funding management for Unit4 Customers in the UK.,sentence-case mixed-weight with 'Arribatec' and 'GrantsNow' as anchor names,116,,,GrantsNow logo top-centre + Arribatec wordmark below headline,top-centre + centred co-brand,corporate announcement poster - completely off-template,"FIRST PARTNERSHIP ANNOUNCEMENT in the whole set + first co-brand of this kind (Arribatec, Unit4) + longest headline yet (116 chars) + no HM Government badge + no product claim, no CTA - pure PR/positioning",partnership - Arribatec Unit4,thought_leadership + community_celebration,7382038273923305472,2025-10-09,1.0,prefix (400 chars),1390.0
SS072,batch15,full,verified,"Unlock smarter decision-making with GrantsNow. Gain deeper insights, automate data capture, and enable advanced reporting across your Pre-Awards process, all in one modern platform.

Experience GrantsNow: https://lnkd.in/dU2Brsef

#grantsnow #preawards #grantsmanagement #researchfunding","Unlock smarter decision-making with GrantsNow. Gain deeper insights, automate data capture, and enable advanced reporting across your Pre-Awards process, all in one modern platform.",181,statement,210,yes,26,3,3,8.7,10.4,no,0,no,0,no,"Gain deeper insights, automate data capture, and enable advanced reporting across your Pre-Awards process, all in one modern platform.",yes,"smarter decision-making, deeper insights, data capture, advanced reporting, pre-awards, research funding",conversational,brand-and-you (mixed),demo,end,learn_more,Experience,no,4,"#grantsnow, #preawards, #grantsmanagement, #researchfunding",brand + niche - all lowercase,,https://lnkd.in/dU2Brsef,image,B&W portrait + cream card with response pill,"smiling bearded man at a laptop, black-and-white portrait on bright cream background",yes,yes (smiling),1,the question card + 'Your Search Ends Here' pill,photographic,bright cream with subtle wave motif,cream card + orange border + teal type + teal 'Your Search Ends Here' pill,brand-teal + gold + cream + B&W portrait,medium,flat cream with desaturated portrait,yes,Want to unlock deeper insights and enable more complex reporting in Pre-Awards?,sentence-case mixed-weight,78,Your Search Ends Here.,Get in touch (+44) 7710 041194 | grantsnow.co.uk,GrantsNow logo TL + HM Government G-Cloud Supplier TR + contact footer strip,corners + footer contact strip,bright editorial with B&W portrait - fifth post in the cream-plus-orange-border cluster,first time a recurring model appears (same bearded man in SS072 and SS073) + 'Your Search Ends Here' pill introduces a new sub-brand phrase used across the cluster + fifth bright-cream card template (SS023 SS046 SS067 SS070 SS072),demo - deeper insights,product_capability,7381674779205869568,2025-10-08,1.0,prefix (197 chars),174.0
SS073,batch15,full,verified,"Looking for a single cloud platform to manage both Pre- and Post-Awards, including Ethics and Contracts? GrantsNow delivers it all, fully integrated, highly configurable, and powered by modern Oracle Cloud technology.

Get in touch: https://lnkd.in/dU2Brsef

#grantsnow #grantsmanagement #preawards #postawards #cloud #SaaS","Looking for a single cloud platform to manage both Pre- and Post-Awards, including Ethics and Contracts? GrantsNow delivers it all, fully integrated, highly configurable, and powered by modern Oracle Cloud technology.",217,statement,210,no,34,3,3,11.3,9.5,no,0,no,0,no,"GrantsNow delivers it all: fully integrated, highly configurable, and powered by modern Oracle Cloud technology.",yes,"single cloud platform, Pre- and Post-Awards, Ethics and Contracts, Oracle Cloud, SaaS, grants management",conversational,brand-and-you (mixed),demo,end,contact,Get in touch,yes,6,"#grantsnow, #grantsmanagement, #preawards, #postawards, #cloud, #SaaS",brand + niche - all lowercase,,https://lnkd.in/dU2Brsef,image,B&W portrait + cream card with quote-style headline,"same bearded man from SS072, hands behind head, relaxed pose",yes,yes,1,the quoted testimonial in the card + 'Your Search Ends Here' pill,photographic,bright cream with subtle wave motif,cream card + orange border + teal type + teal 'Your Search Ends Here' pill,brand-teal + gold + cream + B&W portrait,medium,flat cream with desaturated portrait,yes,"""I want a single cloud platform to handle Pre-Awards, Post-Awards, Ethics, and Contracts.""",sentence-case mixed-weight in quotation marks (first-person),90,Your Search Ends Here.,Get in touch (+44) 7710 041194 | grantsnow.co.uk,GrantsNow logo TL + HM Government G-Cloud Supplier TR + contact footer strip,corners + footer contact strip,bright editorial with B&W portrait and first-person quote,second appearance of the same bearded man (with SS072) + first-person quote treatment (like SS056 and SS063) - near-paraphrase of SS056 caption but different visual and different pose,demo - single cloud platform,product_capability,7381282192146051072,2025-10-07,1.0,prefix (223 chars),174.0
SS074,batch15,full,verified,"How much time is your research development team losing by manually entering funding call information into your Pre-Awards platform? GrantsNow auto-populates funding calls and leverages AI to cut down search time.

Experience GrantsNow: https://lnkd.in/dU2Brsef

#grantsnow #preawards #grantsmanagement #armauk",How much time is your research development team losing by manually entering funding call information into your Pre-Awards platform? GrantsNow auto-populates funding calls and leverages AI to cut down search time.,212,statement,210,no,33,3,3,11.0,10.2,no,0,no,0,no,GrantsNow auto-populates funding calls and leverages AI to cut down search time.,yes,"research development team, manually entering, funding calls, funder portal, auto-populates, AI, ARMA UK",conversational,brand-and-you (mixed),demo,end,learn_more,Experience,yes,4,"#grantsnow, #preawards, #grantsmanagement, #armauk",brand + niche - all lowercase (light 4 tags),,https://lnkd.in/dU2Brsef,image,B&W portrait + cream card with question,"woman at laptop in casual pose, black-and-white portrait on bright cream background",yes,yes,1,the manual-entry question + portrait,photographic,bright cream with subtle wave motif,cream card + orange border + teal type,brand-teal + gold + cream + B&W portrait,medium,flat cream with desaturated portrait,yes,Are you still Manually entering funding calls from the funder portal?,sentence-case mixed-weight (with 'Manually' inexplicably capitalised mid-sentence),69,,Get in touch (+44) 7710 041194 | grantsnow.co.uk,GrantsNow logo TL + HM Government G-Cloud Supplier TR + contact footer strip,corners + footer contact strip,bright editorial with B&W portrait,"sixth post in the bright-cream card template + 'Manually' capitalised mid-sentence (design/typing quirk, not standard title case) - worth watching whether this is a deliberate emphasis device or a mistake",demo - AI funder portal,pain_point + product_capability,7380985954812977152,2025-10-06,1.0,prefix (231 chars),152.0
SS075,batch15,full,verified,"We know the options for Pre- and Post-Awards Management software are limited, especially when most are built on technology that's nearly a decade old. GrantsNow is different. As a true SaaS solution, it comes with modern, pre-built integrations for ERP, Finance, and HR systems, bringing unmatched efficiency and innovation.

Get in touch: https://lnkd.in/dU2Brsef

#grantsnow #grantsmanagement #preawards #postawards #SaaS","We know the options for Pre- and Post-Awards Management software are limited, especially when most are built on technology that's nearly a decade old. GrantsNow is different. As a true SaaS solution, it comes with modern, pre-built integrations for ERP, Finance, and HR systems, bringing unmatched efficiency and innovation.",324,statement,210,no,52,4,3,13.0,9.5,no,0,no,0,no,"GrantsNow is a true SaaS solution with modern, pre-built integrations for ERP, Finance, and HR systems.",yes,"pre-awards, post-awards management, decade-old tech, true SaaS, pre-built integrations, ERP, finance, HR systems",conversational,brand-and-you (mixed),demo,end,contact,Get in touch,yes,5,"#grantsnow, #grantsmanagement, #preawards, #postawards, #SaaS",brand + niche - all lowercase,,https://lnkd.in/dU2Brsef,image,portrait photo + typography on light background,"woman sitting cross-legged with laptop, smiling (B&W-ish) on cream background",yes,yes (smiling),1,the punchline 'Think Again.' + smiling person,solid,cream-white with subtle wave motif,dark teal type + gold star accent + soft photo,brand-teal + gold + cream,medium,flat cream with soft-focus portrait,yes,Still investing time and money into decade-old Pre-awards tech?,sentence-case mixed-weight with 'decade-old' emphasised,63,Think Again.,Get in touch (+44) 7710 041194 | grantsnow.co.uk,GrantsNow logo TL + HM Government G-Cloud Supplier TR + contact footer strip,corners + footer contact strip,light editorial with cream background and soft portrait,IDENTICAL CAPTION AND VISUAL AS SS046. Eleventh byte-identical duplicate in the set.,demo - decade-old tech callout,pain_point + product_capability,7416836939351486466,2026-01-13,1.0,prefix (327 chars),155.0
SS076,batch15,full,verified,"With a team of 250+ consultants, we deliver new functionality in under 6 months, helping you stay ahead with the latest innovations quickly and efficiently.

Get in touch: https://lnkd.in/dU2Brsef

#GrantsNow #Innovation #ResearchFunding #GrantManagement #TechDriven #Efficiency #SeamlessIntegration #SmartSolutions #FundingSuccess #ARMAUK","With a team of 250+ consultants, we deliver new functionality in under 6 months, helping you stay ahead with the latest innovations quickly and efficiently.",156,statement,210,yes,28,2,3,14.0,9.9,no,0,no,0,no,"With a team of 250+ consultants, GrantsNow delivers new functionality in under 6 months.",yes,"250+ consultants, new functionality, 6 months, latest innovations, tech driven, efficiency, seamless integration, smart solutions, ARMA UK",authoritative,brand-third-person,demo,end,contact,Get in touch,no,10,"#GrantsNow, #Innovation, #ResearchFunding, #GrantManagement, #TechDriven, #Efficiency, #SeamlessIntegration, #SmartSolutions, #FundingSuccess, #ARMAUK","brand + niche - heavy (10 tags, ties with SS070)",,https://lnkd.in/dU2Brsef,image,action photo (Formula 1 racing cars),"yellow Formula 1 racing car in motion with other cars behind, track blur",yes (F1 driver in helmet),no,1,the 50% faster claim card + F1 car speed metaphor,photographic,bright green track blur + yellow F1 car,teal-gold gradient card + white type,racing-yellow + brand-teal + gold + photographic,high,action photo with speed blur,yes,Want to know how GrantsNow delivers new features 50% faster?,mixed-weight bold with '50% faster' emphasised,60,,Get in touch (+44) 7710 041194 | grantsnow.co.uk,GrantsNow logo TL + HM Government G-Cloud Supplier TR + contact footer strip,corners + footer contact strip,sports action photo (F1) - third racing metaphor overall,THIRD RACING METAPHOR in the set (SS017 MotoGP photo + SS025 cartoon pit + SS076 F1 photo) - now a proper theme with three unique variants + ties SS070 for heaviest hashtag load (10) + 50% stat + 250+ consultants + 6 months delivery claim,demo - 50% faster delivery,product_capability,7378411438924541952,2025-09-29,1.0,prefix (165 chars),182.0
SS077,batch16,full,verified,"Integration shouldn't be an afterthought!

Many universities face unexpected challenges when connecting their Pre-Awards and ERP systems-no budget, no internal resources, just a complex headache.

GrantsNow eliminates this burden by managing all integrations seamlessly, so you can focus on securing more funding, not fixing IT issues. Want to know how? Connect with us: https://lnkd.in/dU2Brsef

#grantsnow #preawards #research #tech #armauk #ERP #grantsmanagement",Integration shouldn't be an afterthought!,41,statement,210,yes,53,5,4,10.6,10.3,no,0,no,0,no,"GrantsNow eliminates this burden by managing all integrations seamlessly, so you can focus on securing more funding.",yes,"integration, universities, Pre-Awards, ERP systems, no budget, no internal resources, complex headache, IT issues, ARMA UK",conversational,brand-and-you (mixed),demo,end,contact,Connect,yes,7,"#grantsnow, #preawards, #research, #tech, #armauk, #ERP, #grantsmanagement",brand + niche - mixed case,,https://lnkd.in/dU2Brsef,image,photo + teal card with first-person quote,"two professional women at desk with tablet, other people in background, bright office",yes,yes (multiple),4,"the first-person quote card + 'Not with GrantsNow, it isn't!' closer",photographic,bright warm neutral office,teal card + white type + gold accent,brand-teal + gold + bright-photographic,medium,bright natural-light photo with flat teal card,yes,"""We thought grants were the hard part but managing Pre-Awards and ERP integrations was harder.""",first-person quote in quotation marks,94,"Not with GrantsNow, it isn't!",Get in touch (+44) 7710 041194 | grantsnow.co.uk,GrantsNow logo TL + HM Government G-Cloud Supplier TR + contact footer strip,corners + footer contact strip,bright office scene with first-person quote card - testimonial with a crowd,first multi-person testimonial (two women foreground plus two in background) + quote-in-quotes on a teal card + em-dash in caption + first exclamation-ending punchline in the set,demo - ERP integration burden,pain_point + product_capability,7372258449260302336,2025-09-12,1.0,prefix (359 chars),162.0
SS078,batch16,full,verified,"Remove repetitive tasks and make every resource count. GrantsNow helps your team work faster, smarter, and more efficiently. Get in touch: https://lnkd.in/dU2Brsef

#GrantsNow #UnlockPotential #GrantsFunding #PreAwards","Remove repetitive tasks and make every resource count. GrantsNow helps your team work faster, smarter, and more efficiently. Get in touch: https://lnkd.in/dU2Brsef",163,statement,210,yes,21,3,2,7.0,6.2,no,0,no,0,no,"GrantsNow helps your team work faster, smarter, and more efficiently.",yes,"repetitive tasks, resource, faster smarter more efficient, unlock potential, grants funding, pre-awards",conversational,brand-and-you (mixed),demo,end,contact,Get in touch,yes,4,"#GrantsNow, #UnlockPotential, #GrantsFunding, #PreAwards",brand + broad (light 4 tags),,https://lnkd.in/dU2Brsef,image,photo + cream card overlay with lightbulb icon,bright desk photo with laptop and hand on documents/charts,partial (hand only),no,1,"the two-line 'Streamline Processes, Unlock Potential' hook + yellow lightbulb",photographic,bright warm neutral (soft teal-tinted),cream card + orange border + teal type + yellow lightbulb + gold divider,brand-teal + gold + cream + soft-photographic,medium,bright natural-light photo with flat card,yes,"Streamline Processes, Unlock Potential",sentence-case bold two-line hook,39,Want to know how?,Get in touch (+44) 7710 041194 | grantsnow.co.uk,GrantsNow logo TL + HM Government G-Cloud Supplier TR + contact footer strip,corners + footer contact strip,bright editorial with lightbulb accent - short punchy hook,"short two-line hook (39 chars, among the tightest headlines) + on-image lightbulb icon that echoes SS059's caption 💡 emoji + gold divider under the hook (accent already seen on SS034 SS064 SS066)",demo - streamline processes,product_capability,7371860130252103680,2025-09-11,1.0,prefix (133 chars),130.0
SS079,batch16,full,verified,"GrantsNow and Oracle have entered a strategic partnership to deliver a fully integrated Pre & Post Awards solution for research and higher education, now available on Oracle Marketplace. Read more: https://lnkd.in/djB-zNZq

#GrantsNow #Oracle #OracleCloud","GrantsNow and Oracle have entered a strategic partnership to deliver a fully integrated Pre & Post Awards solution for research and higher education, now available on Oracle Marketplace. Read more: https://lnkd.in/djB-zNZq",222,statement,210,no,30,2,2,15.0,12.9,no,0,no,0,no,GrantsNow and Oracle have entered a strategic partnership to deliver a fully integrated Pre & Post Awards solution.,yes,"Oracle, strategic partnership, Pre & Post Awards, Oracle Marketplace, research, higher education, Oracle Cloud",authoritative,brand-third-person,partnership announcement,end,read,Read,no,3,"#GrantsNow, #Oracle, #OracleCloud",brand + partner (very tight - 3 tags),,https://lnkd.in/djB-zNZq,image,photo + typography with Oracle co-brand,dark teal-tinted urban/office scene with headline + Oracle Partner logo,no,no,0,the Oracle+GrantsNow partnership headline,photographic,dark teal-tinted urban blur,white type + gold divider + Oracle Partner logo,brand-teal + gold + Oracle-red,high,photo with heavy overlay,yes,Oracle and GrantsNow have entered a Strategic Partnership to Enhance Pre & Post Awards Management,title-case mixed-weight bold,96,Read about our partnership,LINK IN DESCRIPTION + Get in touch (+44) 7710 041194 | grantsnow.co.uk,GrantsNow logo TL + ORACLE Partner co-brand TR + contact footer strip,corners + centred co-brand + footer contact strip,corporate partnership poster - dark teal with Oracle co-brand,SECOND PARTNERSHIP ANNOUNCEMENT (SS071 Arribatec + SS079 Oracle) - Oracle is much larger + first mention of Oracle Marketplace + new blog URL djB-zNZq + only 3 hashtags (very tight for a PR post),partnership - Oracle strategic,thought_leadership + community_celebration,7370854650696200192,2025-09-08,1.0,prefix (192 chars),165.0
SS080,batch16,full,unknown,"GrantsNow, (A SaaS innovation for Grants management) are proud to sponsor Morley Youth U14 Stallions FC for their upcoming season. As part of our CSR policy, we are committed to supporting local initiatives that make a real impact, and our values strongly align with those of the club. Morley Youth FC fosters a positive, inclusive environment where young players can develop their skills, build confidence, and embrace being part of a team. We're excited to be part of their journey and look forward to seeing the team go from strength to strength!

#GrantsNow #MorleyYouthFC #Sponsors","GrantsNow, (A SaaS innovation for Grants management) are proud to sponsor Morley Youth U14 Stallions FC for their upcoming season. As part of our CSR policy, we are committed to supporting local initiatives that make a real impact, and our values strongly align with those of the club. Morley Youth FC fosters a positive, inclusive environment where young players can develop their skills, build confidence, and embrace being part of a team. We're excited to be part of their journey and look forward to seeing the team go from strength to strength!",549,statement,210,no,92,4,2,23.0,11.1,no,0,no,0,no,n/a - CSR sponsorship announcement,,"Morley Youth FC, U14 Stallions, sponsor, CSR policy, local initiatives, young players, football",conversational,brand-first-person,sponsorship,none in caption,none,,no,3,"#GrantsNow, #MorleyYouthFC, #Sponsors",brand + sponsored partner (very tight - 3 tags),,,image,photo collage with orange background,5-plus action photos of youth football players in orange kits + Morley Youth FC crest,yes (multiple young players),yes (some),6,the sponsorship announcement card + collage of players,solid,bright orange,orange + white type + football photos,orange (Morley kit) + white + brand-teal (small),high,flat solid orange with photo tiles,yes,GrantsNow sponsors the Morley Youth U14 Stallions FC,mixed-weight bold with 'Morley Youth U14 Stallions' emphasised,52,,,GrantsNow logo top-left of card + Morley Youth FC crest,in-card + partner crest,photo collage poster - completely off-template community CSR post,"FIRST CSR sponsorship post in the whole set + only orange-first palette (rest is teal-dominant) + first collage layout + first photo of children / minors + no product claim, no CTA URL, no G-Cloud badge",CSR - Morley Youth FC sponsorship,community_celebration,7369715983487356928,2025-09-05,1.0,prefix (400 chars),433.0
SS081,batch16,full,verified,"Stuck with outdated Pre-Awards technology that can't keep up with your institution's needs? GrantsNow offers a modern, highly configurable cloud solution built to adapt to rapid changes seamlessly.

Get in touch: https://lnkd.in/dU2Brsef

#grantsnow #grantsmanagement #armauk #preawards","Stuck with outdated Pre-Awards technology that can't keep up with your institution's needs? GrantsNow offers a modern, highly configurable cloud solution built to adapt to rapid changes seamlessly.",197,statement,210,yes,31,3,3,10.3,8.6,no,0,no,0,no,"GrantsNow offers a modern, highly configurable cloud solution built to adapt to rapid changes seamlessly.",yes,"outdated Pre-Awards technology, institution's needs, modern, highly configurable, cloud solution, rapid changes, ARMA UK",conversational,brand-and-you (mixed),demo,end,contact,Get in touch,yes,4,"#grantsnow, #grantsmanagement, #armauk, #preawards",brand + niche - all lowercase (light 4 tags),,https://lnkd.in/dU2Brsef,image,photo + cream card overlay with cut-out portrait,dark navy office scene with cut-out portrait of a professional woman with tablet,yes,yes,1,the '8-year-old' pain question + 'Look No Further.' response,photographic,dark navy office,cream card + orange border + teal type + gold '8-year-old' accent,brand-teal + gold + navy + photographic,high,photo realistic with cut-out portrait,yes,Why invest in 8-year-old Pre-Awards technology with limited flexibility for the rapid changes you need?,sentence-case mixed-weight with gold accent on '8-year-old' + teal accent on 'Look No Further.',103,Look No Further.,Get in touch (+44) 7710 041194 | grantsnow.co.uk,GrantsNow logo TL + UNIT4 Partner + Oracle Partner co-brand + contact footer strip,corners + partner co-brand row + footer contact strip,dark navy poster with cream card and cut-out portrait - fourth outdated-tech variant,fourth variant of the outdated / decade-old / 8-year-old tech theme (SS037 SS046 SS064 SS081) - each with a different specific age number + third post with both UNIT4 and Oracle partner badges together (SS017 SS039 SS081) + longest headline in this batch (103 chars),demo - outdated 8-year-old tech callout,pain_point + product_capability,7369323383039246336,2025-09-04,1.0,prefix (207 chars),148.0
SS082,batch18,full,unknown,"Imagine freeing up 35% of your team's time to work on only the most important tasks - that's what GrantsNow can do by automating manual, repetitive tasks that bog down the grant submission process.

With more time available, your team can increase the number of funding applications they submit by over a third, leading to significantly more grant approvals and funding. More submissions mean more opportunities for research growth, and GrantsNow makes it happen efficiently.

#GrantsNow #TimeSavings #MoreSubmissions #grantsmanagement #educationtrends","Imagine freeing up 35% of your team's time to work on only the most important tasks - that's what GrantsNow can do by automating manual, repetitive tasks that bog down the grant submission process.",197,stat_or_number,210,yes,75,3,3,25.0,13.4,no,0,no,0,no,"GrantsNow can free up 35% of your team's time by automating manual, repetitive tasks that bog down the grant submission process.",yes,"35% time savings, funding applications, grant approvals, grant submission process, automation, time savings, more submissions, education trends",conversational,brand-and-you (mixed),brand awareness,none in caption,none,,no,5,"#GrantsNow, #TimeSavings, #MoreSubmissions, #grantsmanagement, #educationtrends",brand + niche - mixed case,,,image,photo + all-caps typography with 3D illustrated stopwatch,dark teal photo background + large 3D stopwatch illustration held by a cartoon hand,no (cartoon hand only),no,0,the very large 35% stat + 3D stopwatch illustration,photographic,dark teal-tinted background,white all-caps type + huge 35% + 3D white stopwatch,brand-teal + white + illustration accent,high,photo with heavy overlay + 3D illustration,yes,HOW DOES FREEING UP 35% MORE TIME FOR GRANT SUBMISSIONS SOUND?,all-caps bold with 35% as huge display type,61,,GrantsNow.co.uk,GrantsNow logo TL + toggle switch icon + GrantsNow.co.uk URL strip (no phone footer),corners + URL strip,photo hero with 3D illustrated stopwatch and huge display number,"SAME CAPTION AS SS055 but the creative is completely different - SS055 was a real wristwatch photo, SS082 is a 3D illustrated stopwatch with huge 35% display type. Second time this campaign runs a visual A/B on the same 35% claim. First 3D illustration in the set + first URL-only footer (no phone number).",brand awareness - 35% time savings,product_capability,7404844937848037376,2025-12-11,1.0,prefix (400 chars),346.0
SS083,batch18,full,unknown,"Been told there's only one option for Pre-Awards software?

Think again. GrantsNow offers a fully configurable, end-to-end Pre-Awards management platform with seamless ERP integration, intelligent dashboards, automated workflows, and compliance-ready reporting - all on a TRUE SaaS platform.

Take a look for yourself https://lnkd.in/dU2Brsef

#grantsmanagement #grantsnow #preawards #erp #integration",Been told there's only one option for Pre-Awards software?,58,question,210,yes,43,4,4,10.8,9.2,no,0,no,0,no,"GrantsNow is a fully configurable, end-to-end Pre-Awards management platform with seamless ERP integration, intelligent dashboards, automated workflows, and compliance-ready reporting.",yes,"only one option, Pre-Awards software, configurable, end-to-end, seamless ERP integration, intelligent dashboards, automated workflows, compliance-ready reporting, TRUE SaaS",conversational,brand-and-you (mixed),demo,end,learn_more,Take a look,yes,5,"#grantsmanagement, #grantsnow, #preawards, #erp, #integration",brand + niche - all lowercase (light 5 tags),,https://lnkd.in/dU2Brsef,image,photo + typography,"three graduates in teal caps and gowns from behind, marble column background",yes (backs of graduates),no,3,the graduates + 'Its time you met GrantsNow' punchline,photographic,dark teal graduation photo,white type + teal check-mark accent,brand-teal + white + photographic,high,photo realistic with darkened tint,yes,If you were told there was only one option for Pre-Awards software,sentence-case regular weight,66,Its time you met GrantsNow,,"GrantsNow logo TL (only, no HM Government badge, no footer contact strip)",TL only,editorial photo hero using the academic graduation moment,first graduation-ceremony photo in the whole set + typo 'Its' missing apostrophe in the punchline + no HM Government badge and no contact footer strip + em-dash in caption 'reporting-all' + 'Think again' phrasing echoes SS046 'Think Again.' close,demo - alternative to legacy,product_capability + thought_leadership,7368175810119172097,2025-09-01,1.0,prefix (306 chars),95.0
SS084,batch18,full,unknown,"Unlock more opportunities for grants income without needing extra budget! With GrantsNow, you have multiple tools at your disposal to streamline Pre-Awards, enhance team performance, and get your organisation the funding it deserves.","Unlock more opportunities for grants income without needing extra budget! With GrantsNow, you have multiple tools at your disposal to streamline Pre-Awards, enhance team performance, and get your organisation the funding it deserves.",233,statement,210,no,33,2,1,16.5,11.9,no,0,no,0,no,"With GrantsNow, you have multiple tools to streamline Pre-Awards, enhance team performance, and get your organisation the funding it deserves.",yes,"grants income, budget, pre-awards, team performance, funding",conversational,brand-and-you (mixed),brand awareness,none in caption,none,,no,0,,none in the caption (they sit inside the mock tweet),,,image,typography (fake tweet mockup),mock Twitter/X post with GrantsNow verified handle and heart/reply icons,no,no,0,the mock tweet card claiming 'the GrantsNow treatment',solid,dark navy-teal,white tweet card + teal accent brand name + red heart,brand-teal (dark) + white + accent-red heart,high,flat tweet-card mockup,yes,Increase your Grants income without extending your existing budget.... Thats the GrantsNow treatment.,tweet-body regular text,100,@TheFastestGrowingPreAwardsPlatform,,GrantsNow logo TL + verified checkmark inside mock tweet,corner + inside mock tweet card,social-mockup embed (fake tweet),IDENTICAL CAPTION AND VISUAL AS SS029. Twelfth byte-identical duplicate in the set.,brand awareness - Pre-Awards positioning,product_capability,7435338397323382785,2026-03-05,1.0,prefix (228 chars),88.0
SS085,batch18,full,verified,"GrantsNow is empowering research teams to work smarter, not harder. Discover why UK institutions are opting for a platform designed for outcomes, not workarounds. Get in touch: https://lnkd.in/dU2Brsef

#GrantsNow #PreAwardSoftware #ResearchManagement #HigherEdTech #TrueSaaS #UKUniversities","GrantsNow is empowering research teams to work smarter, not harder. Discover why UK institutions are opting for a platform designed for outcomes, not workarounds. Get in touch: https://lnkd.in/dU2Brsef",201,statement,210,yes,27,3,2,9.0,8.5,no,0,no,0,no,"GrantsNow is a platform designed for outcomes, not workarounds - real-time KPI reporting, self-configurable, lower cost with more opportunities.",yes,"research teams, UK institutions, pre-award software, higher ed tech, TRUE SaaS, UK universities, KPI reporting, funder templates",authoritative,brand-third-person,demo,end,contact,Get in touch,no,6,"#GrantsNow, #PreAwardSoftware, #ResearchManagement, #HigherEdTech, #TrueSaaS, #UKUniversities",brand + niche,,https://lnkd.in/dU2Brsef,image,photo + 3-column benefit cards,dark teal-tinted architectural photo with 3 numbered benefit cards,no,no,0,"the three numbered benefit cards (1 analytics, 2 self-configurable, 3 lower cost)",photographic,dark teal-tinted architectural blur,white type + yellow circle numbers + teal cards,brand-teal + gold + photographic,high,photo with heavy overlay + flat cards,yes,Ready to experience the GrantsNow Treatment?,mixed-weight bold,44,"1 Real time analytics for KPI reporting | 2 Completely self configurable for funder templates, approval routes etc | 3 Lower cost but more Grants opportunities | The fastest-growing True SaaS cloud pre-award platform in the UK",Get in touch (+44) 7710 041194 | grantsnow.co.uk,GrantsNow logo top-centre + contact footer strip + fastest-growing claim,top-centre + footer contact strip,3-column benefit poster with question hook,IDENTICAL CAPTION AND VISUAL AS SS032. Thirteenth byte-identical duplicate. Same caption also appears with a different creative as SS057 (portrait cut-out).,demo - GrantsNow Treatment,product_capability + thought_leadership,7433156492133896193,2026-02-27,1.0,prefix (171 chars),148.0
SS086,batch18,full,verified,"Searching for the next generation in pre-awards software? GrantsNow is here now, making pre and post-award administration faster, more automated and better integrated.

#GrantsNow #PreAwardSoftware #PostAwardManagement #ResearchGrants #HigherEdTech #UKUniversities #SmartFunding #FutureReady","Searching for the next generation in pre-awards software? GrantsNow is here now, making pre and post-award administration faster, more automated and better integrated.",167,statement,210,yes,23,2,2,11.5,11.0,no,0,no,0,no,"GrantsNow is here now, making pre and post-award administration faster, more automated and better integrated.",yes,"next generation, pre-awards software, post-award management, automation, integration, higher ed tech, smart funding, future ready",conversational,brand-and-you (mixed),brand awareness,none in caption,none,,yes,8,"#GrantsNow, #PreAwardSoftware, #PostAwardManagement, #ResearchGrants, #HigherEdTech, #UKUniversities, #SmartFunding, #FutureReady",brand + broad + niche - very heavy (8 tags),,,image,photo (space astronaut) with typography,astronaut in white spacesuit reaching outward with earth curve visible in background,yes (astronaut),no (helmet),1,the DON'T GET LOST hook + astronaut reaching hand,photographic,black space + blue earth curve,white all-caps type + teal accent on 'LOST',black + brand-teal + white + photographic,very high,photo realistic with cosmic backdrop,yes,DON'T GET LOST,all-caps bold with teal accent on 'LOST',14,Searching for the latest advancements in a Pre-Awards platform. GrantsNow is already here to simplify Pre & Post-Award Management,Get in touch (+44) 7710 041194 | grantsnow.co.uk,GrantsNow logo TL + contact footer strip,corners + footer contact strip,cinematic space photo with punchy short hook,"IDENTICAL CAPTION AND VISUAL AS SS028. Fourteenth byte-identical duplicate in the set. The 'DONT GET LOST' variant SS058 (no apostrophe, added 25%+ line) is a separate visual refinement.",brand awareness - next generation,product_capability + thought_leadership,7435700768306978819,2026-03-06,1.0,prefix (163 chars),160.0
SS087,batch19,full,verified,"The wrong Pre-Awards platform means hidden costs, manual updates, delays, and a higher total cost of ownership. GrantsNow's TRUE SaaS solution gives you full control, instant upgrades, and zero hidden fees. Read the blog to know how: https://lnkd.in/eqK3_-vN

#grantsmanagement #armauk #grantsnow #preawards #research","The wrong Pre-Awards platform means hidden costs, manual updates, delays, and a higher total cost of ownership. GrantsNow's TRUE SaaS solution gives you full control, instant upgrades, and zero hidden fees. Read the blog to know how: https://lnkd.in/eqK3_-vN",258,statement,210,no,37,3,2,12.3,7.6,no,0,no,0,no,"GrantsNow's TRUE SaaS solution gives you full control, instant upgrades, and zero hidden fees.",yes,"pre-awards platform, hidden costs, manual updates, total cost of ownership, TRUE SaaS, ARMA UK, grants management",authoritative,brand-third-person,blog,end,read,Read,no,5,"#grantsmanagement, #armauk, #grantsnow, #preawards, #research",brand + niche - all lowercase,,https://lnkd.in/eqK3_-vN,image,photo + typography with BLOG pill,architectural photo (looks like an ornate palace/museum building with dome) - very similar to SS031,no,no,0,the question headline with yellow highlighter marker on 'Cost',photographic,dark teal-tinted architectural photo,white type + yellow highlighter on 'Cost',brand-teal + accent-yellow + photographic,high,photo with heavy overlay,yes,Pre-Awards Platforms: What's the Cost of the Wrong Choice?,mixed-weight bold with yellow highlighter marker on 'Cost',57,Learn how TRUE SaaS saves time and money. Read the blog.,(Link in description) + Get in touch (+44) 7710 041194 | grantsnow.co.uk,GrantsNow logo TL + BLOG pill TR + contact footer strip + small icon accent on the CTA line,corners + footer contact strip,editorial photo blog poster with highlighter accent,IDENTICAL CAPTION AND ARCHITECTURAL BACKGROUND AS SS031. Fifteenth byte-identical duplicate in the set. This is the third occurrence of the True SaaS Cost-of-the-Wrong-Choice creative (SS027 dark-office variant + SS031 architectural + SS087 same architectural). The blog also has a fourth same-caption sibling in SS053 (dark navy sticky-note variant).,blog - True SaaS cost,thought_leadership + pain_point,7438245015644106753,2026-03-13,1.0,prefix (225 chars),278.0
SS088,batch19,full,verified,"Looking for a single cloud platform to manage BOTH Pre & Post Awards, including Ethics & Contracts? GrantsNow delivers it all-fully integrated, highly configurable, and built on modern Oracle Cloud technology!

Get in touch: https://lnkd.in/dU2Brsef

#grantsnow #grantsmanagement #preawards #postwards #cloud #SaaS","Looking for a single cloud platform to manage BOTH Pre & Post Awards, including Ethics & Contracts? GrantsNow delivers it all-fully integrated, highly configurable, and built on modern Oracle Cloud technology!",209,statement,210,yes,34,3,3,11.3,9.1,no,0,no,0,no,"GrantsNow delivers it all - fully integrated, highly configurable, and built on modern Oracle Cloud technology.",yes,"single cloud platform, Pre & Post Awards, Ethics & Contracts, Oracle Cloud, SaaS, grants management",conversational,brand-and-you (mixed),demo,end,contact,Get in touch,yes,6,"#grantsnow, #grantsmanagement, #preawards, #postwards, #cloud, #SaaS",brand + niche - all lowercase (has typo #postwards),,https://lnkd.in/dU2Brsef,image,portrait photo + testimonial-style speech card,"smiling man at laptop, professional casual, teal-tinted office",yes,yes (smiling),1,the 'I need' speech card + 'GrantsNow has it ALL!' pill,photographic,dark teal-tinted office,cream speech card + teal accent on 'Cloud Software' + gold pill,brand-teal + gold + cream + photographic,high,photo realistic with overlay,yes,"""I need a Cloud Software platform to manage BOTH Pre & Post Awards, including Ethics & Contracts""","first-person quote (want-framing, not testimonial thanks-framing)",96,GrantsNow has it ALL!,Get in touch (+44) 7710 041194 | grantsnow.co.uk,GrantsNow logo TL + HM Government G-Cloud Supplier TR + contact footer strip,corners + footer contact strip,portrait-plus-speech-card - want-framing variant of SS056,"SAME CAPTION AS SS056 but the on-image headline flips from testimonial ('Thanks to GrantsNow, I have...') to demand ('I need a Cloud Software...'). Same portrait template, opposite emotional framing. Cleanest before-and-after A/B in the whole set for testing whether after-the-purchase 'thanks' or before-the-purchase 'need' pulls better.",demo - single cloud platform,product_capability + pain_point,7404490840879869953,2025-12-10,1.0,prefix (213 chars),74.0
SS089,batch19,full,verified,"Managing integrations, reports, and configurations in-house can drain valuable time and resources. With GrantsNow, you don't have to. Our team of 250+ consultants ensures seamless integration and customisation, so you can focus on what truly matters.

#HigherEdTech #GrantsNow #GrantManagement #Automation #Efficiency #SeamlessIntegration","Managing integrations, reports, and configurations in-house can drain valuable time and resources. With GrantsNow, you don't have to. Our team of 250+ consultants ensures seamless integration and customisation, so you can focus on what truly matters.",250,statement,210,no,36,3,2,12.0,10.3,no,0,no,0,no,Our team of 250+ consultants ensures seamless integration and customisation so you can focus on what truly matters.,yes,"integrations, reports, configurations, 250+ consultants, seamless integration, customisation, higher ed tech, automation",conversational,brand-and-you (mixed),demo,end,contact,Get in touch,no,6,"#HigherEdTech, #GrantsNow, #GrantManagement, #Automation, #Efficiency, #SeamlessIntegration",brand + niche,,,image,photo + teal card overlay,business meeting - 5 to 6 people around a table with one standing presenter,yes,"yes (multiple, partial)",6,the IT team question + presenter in background,photographic,muted warm neutral office,teal card + cream border + white type with 'IT team' in bold accent,brand-teal + cream + photographic,high,photo realistic with subtle overlay,yes,"Is your IT team burdened with integrations, reports, and configurations?",mixed-weight bold with 'IT team' in heavier weight,71,"With GrantsNow, they don't have to.",Get in touch (+44) 7710 041194 | grantsnow.co.uk,GrantsNow logo TL + HM Government G-Cloud Supplier TR + contact footer strip,corners + footer contact strip,photo hero with centred teal card - IT-team specific target,IDENTICAL CAPTION AND VISUAL AS SS030. Sixteenth byte-identical duplicate in the set. Same caption also appears with a different creative as SS052 (dark snowflake typography variant).,demo - IT team burden,pain_point + product_capability,7434243645479903232,2026-03-02,1.0,prefix (242 chars),151.0
SS090,batch19,full,unknown,"Just reminding you about the partnership between Fusion Practices and Unit4, which brought GrantsNow to life as a modern solution for managing the full pre-awards funding process. You can read more about it here: https://lnkd.in/dg6pjWF9","Just reminding you about the partnership between Fusion Practices and Unit4, which brought GrantsNow to life as a modern solution for managing the full pre-awards funding process. You can read more about it here: https://lnkd.in/dg6pjWF9",237,statement,210,no,34,2,1,17.0,9.8,no,0,no,0,no,The Fusion Practices + Unit4 partnership brought GrantsNow to life as a modern solution for the full pre-awards funding process.,yes,"Fusion Practices, Unit4, GrantsNow, partnership, pre-awards funding process",conversational,brand-first-person,partnership announcement,end,read,Read,no,0,,none in the caption,,https://lnkd.in/dg6pjWF9,image,photo + triple co-brand row,"two men in suits shaking hands (professional handshake, close-up), dark teal blur background","yes (2 men, from waist)",no (side/back),2,the handshake photo + triple co-brand row,photographic,dark teal-tinted urban blur,white type + GrantsNow + Fusion Practices + Unit4 logos,brand-teal + white + partner-branded,high,photo with heavy overlay,yes,We just wanted to remind people about the partnership between Fusion Practices and Unit4 that introduced GrantsNow.,sentence-case mixed-weight bold on partner names,116,Read about our partnership,LINK IN DESCRIPTION,GrantsNow logo top + Fusion Practices logo + Unit4 logo (triple co-brand row),top row - three partner marks side by side,corporate partnership photo with handshake and triple co-brand row,THIRD PARTNERSHIP ANNOUNCEMENT in the set (SS071 Arribatec + SS079 Oracle + SS090 Fusion Practices/Unit4) + first handshake visual + reveals the origin story (GrantsNow was created by Fusion Practices + Unit4 partnership) + reminder framing ('Just reminding you...') is unusual - a retrospective partnership post rather than a new announcement + new blog URL dg6pjWF9 + no hashtags,partnership - Fusion Practices + Unit4 origin reminder,thought_leadership + community_celebration,7354507238436147201,2025-07-25,1.0,prefix (209 chars),549.0
SS091,batch19,full,unknown,"Announcement!! GrantsNow Forms Strategic Partnership with @NGI to Transform K-12 Grant Management in the U.S.

We are thrilled to announce this partnership, focused on delivering a modern, end-to-end grant management platform tailored for K-12 school districts across the United States.

Read more here on our partnerships page: https://lnkd.in/dCgybfEY

#GrantsNow #NGI #K12 #Grantsmanagement",Announcement!! GrantsNow Forms Strategic Partnership with @NGI to Transform K-12 Grant Management in the U.S.,109,statement,210,yes,47,4,4,11.8,9.3,no,0,no,0,no,GrantsNow + NGI strategic partnership to deliver a modern end-to-end grant management platform for K-12 school districts across the United States.,yes,"NGI, K-12, US market, grant management, school districts, United States, partnership",conversational,brand-first-person,partnership announcement,end,read,Read,no,4,"#GrantsNow, #NGI, #K12, #Grantsmanagement",brand + partner (light 4 tags),@NGI,https://lnkd.in/dCgybfEY,image,photo + typography with NGI co-brand,dark teal-tinted US urban skyline (looks like NYC-style buildings),no,no,0,the NGI partnership announcement + yellow highlight on NGI,photographic,dark teal-tinted urban skyline,white type + yellow highlighter on 'NGI' + NGI red arrow logo,brand-teal + accent-yellow + NGI-red,high,photo with heavy overlay,yes,We're excited to partner with NGI to streamline and modernise Grant management in the U.S.,sentence-case mixed-weight bold with yellow highlighter on 'NGI',90,Read about our partnership,LINK IN DESCRIPTION,GrantsNow logo TL + NGI red arrow logo TR,corners,corporate partnership poster with US urban skyline backdrop,FOURTH PARTNERSHIP ANNOUNCEMENT (SS071 Arribatec + SS079 Oracle + SS090 Fusion Practices/Unit4 + SS091 NGI) + first explicit US K-12 market partnership (connects to SS059 K-12 school targeting) + double exclamation 'Announcement!!' + @NGI mention in caption (first at-mention in a caption in the whole set) + yellow highlighter on NGI (like SS013 SS026 SS027 SS081 highlighter treatment),partnership - NGI US K-12,thought_leadership + community_celebration,7354133293874749442,2025-07-24,1.0,prefix (318 chars),311.0
