post_id,Post link,post_text,hook,hook_len,created_date,day_of_week,week,is_midweek,Post type,format_inferred,Content Type,is_article,Impressions,Views,Clicks,Likes,Comments,Reposts,reactions_total,engagements_total,engagement_rate,ctr,amplification_rate,conversation_rate,char_count,word_count,line_breaks,hashtag_count,hashtag_list,has_link,mention_count,emoji_count,has_question,cta_type,theme,length_band,view_completeness,cta_confidence,value_prop_line,value_prop_in_first_3_sentences,industry_keywords,tone,pov,offer_type,cta_placement,cta_type_caption,cta_verb,has_question_prompt,hashtag_style,media_type,primary_visual,image_subject,person_present,face_visible,number_of_people,object_of_focus,background_type,background_dominant_colour,foreground_dominant_colour,palette,contrast_level,texture,text_on_image,headline_on_image,headline_style,headline_chars,subheadline_on_image,image_cta_text,brand_marks,brand_placement,graphic_style,campaign,angle,notable_element,ss_ids,ss_batches,slide_count,has_face_in_image,target_region,image_colour_theme
7353807081222631424,https://www.linkedin.com/feed/update/urn:li:activity:7353807081222631424,"We’ve partnered with NGI to transform K-12 grant management across the U.S. with a secure, end-to-end platform. Read more: https://lnkd.in/dCgybfEY

#GrantsNow #K12Education #GrantManagement #OracleCloud #EdTech #PublicSector","We’ve partnered with NGI to transform K-12 grant management across the U.S. with a secure, end-to-end platform. Read mor",120,2025-07-23,Wednesday,2025-07-21/2025-07-27,1,Organic,Image or text,,False,671,,18,26,2,3,31,49,0.0730253353204172,0.0268256333830104,0.0044709388971684,0.0029806259314456,225,26,2,6,"GrantsNow, K12Education, GrantManagement, OracleCloud, EdTech, PublicSector",1,0,0,0,read,other,Short (25-60w),,,,,,,,,,,,,,,,,,,,,,,,,,,,,,,,,,,,,,,,,,,,
7353893840178626561,https://www.linkedin.com/feed/update/urn:li:activity:7353893840178626561,Exciting times ahead as we expand into the US market with NGI partnership,Exciting times ahead as we expand into the US market with NGI partnership,73,2025-07-23,Wednesday,2025-07-21/2025-07-27,1,Organic,Image or text,,False,262,,7,8,0,0,8,15,0.0572519083969465,0.0267175572519083,0.0,0.0,73,13,0,0,,0,0,0,0,none,other,Very short (<25w),,,,,,,,,,,,,,,,,,,,,,,,,,,,,,,,,,,,,,,,,,,,
7354133293874749442,https://www.linkedin.com/feed/update/urn:li:activity:7354133293874749442,"Announcement!!  GrantsNow Forms Strategic Partnership with @NGI  to Transform K–12 Grant Management in the U.S.

We are thrilled to announce this partnership,  focused on delivering a modern, end-to-end grant management platform tailored for K–12 school districts across the United States. 

Read more here on our partnerships page: https://lnkd.in/dCgybfEY

#GrantsNow #NGI #K12 #Grantsmanagement",Announcement!!  GrantsNow Forms Strategic Partnership with @NGI  to Transform K–12 Grant Management in the U.S.,111,2025-07-24,Thursday,2025-07-21/2025-07-27,1,Organic,Image or text,,False,311,,10,10,0,0,10,20,0.0643086816720257,0.0321543408360128,0.0,0.0,397,52,6,4,"GrantsNow, NGI, K12, Grantsmanagement",1,1,0,0,read,other,Short (25-60w),full,unknown,GrantsNow + NGI strategic partnership to deliver a modern end-to-end grant management platform for K-12 school districts across the United States.,yes,"NGI, K-12, US market, grant management, school districts, United States, partnership",conversational,brand-first-person,partnership announcement,end,read,Read,no,brand + partner (light 4 tags),image,photo + typography with NGI co-brand,dark teal-tinted US urban skyline (looks like NYC-style buildings),no,no,0.0,the NGI partnership announcement + yellow highlight on NGI,photographic,dark teal-tinted urban skyline,white type + yellow highlighter on 'NGI' + NGI red arrow logo,brand-teal + accent-yellow + NGI-red,high,photo with heavy overlay,yes,We're excited to partner with NGI to streamline and modernise Grant management in the U.S.,sentence-case mixed-weight bold with yellow highlighter on 'NGI',90.0,Read about our partnership,LINK IN DESCRIPTION,GrantsNow logo TL + NGI red arrow logo TR,corners,corporate partnership poster with US urban skyline backdrop,partnership - NGI US K-12,thought_leadership + community_celebration,FOURTH PARTNERSHIP ANNOUNCEMENT (SS071 Arribatec + SS079 Oracle + SS090 Fusion Practices/Unit4 + SS091 NGI) + first explicit US K-12 market partnership (connects to SS059 K-12 school targeting) + double exclamation 'Announcement!!' + @NGI mention in caption (first at-mention in a caption in the whole set) + yellow highlighter on NGI (like SS013 SS026 SS027 SS081 highlighter treatment),SS091,batch19,1.0,no,US,brand-teal + accent-yellow + NGI-red
7354507238436147201,https://www.linkedin.com/feed/update/urn:li:activity:7354507238436147201,"Just reminding you about the partnership between Fusion Practices and Unit4, which brought GrantsNow to life as a modern solution for managing the full pre-awards funding process. You can read more about it here: https://lnkd.in/dg6pjWF9","Just reminding you about the partnership between Fusion Practices and Unit4, which brought GrantsNow to life as a modern",120,2025-07-25,Friday,2025-07-21/2025-07-27,0,Organic,Image or text,,False,549,,39,19,0,0,19,58,0.1056466302367941,0.0710382513661202,0.0,0.0,237,35,0,0,,1,0,0,0,read,other,Short (25-60w),full,unknown,The Fusion Practices + Unit4 partnership brought GrantsNow to life as a modern solution for the full pre-awards funding process.,yes,"Fusion Practices, Unit4, GrantsNow, partnership, pre-awards funding process",conversational,brand-first-person,partnership announcement,end,read,Read,no,none in the caption,image,photo + triple co-brand row,"two men in suits shaking hands (professional handshake, close-up), dark teal blur background","yes (2 men, from waist)",no (side/back),2.0,the handshake photo + triple co-brand row,photographic,dark teal-tinted urban blur,white type + GrantsNow + Fusion Practices + Unit4 logos,brand-teal + white + partner-branded,high,photo with heavy overlay,yes,We just wanted to remind people about the partnership between Fusion Practices and Unit4 that introduced GrantsNow.,sentence-case mixed-weight bold on partner names,116.0,Read about our partnership,LINK IN DESCRIPTION,GrantsNow logo top + Fusion Practices logo + Unit4 logo (triple co-brand row),top row - three partner marks side by side,corporate partnership photo with handshake and triple co-brand row,partnership - Fusion Practices + Unit4 origin reminder,thought_leadership + community_celebration,THIRD PARTNERSHIP ANNOUNCEMENT in the set (SS071 Arribatec + SS079 Oracle + SS090 Fusion Practices/Unit4) + first handshake visual + reveals the origin story (GrantsNow was created by Fusion Practices + Unit4 partnership) + reminder framing ('Just reminding you...') is unusual - a retrospective partnership post rather than a new announcement + new blog URL dg6pjWF9 + no hashtags,SS090,batch19,1.0,no,,brand-teal + white + partner-branded
7356665639140229120,https://www.linkedin.com/feed/update/urn:li:activity:7356665639140229120,"Just reminding you about the partnership between Fusion Practices and Unit4, which brought GrantsNow to life as a modern solution for managing the full pre-awards funding process. ","Just reminding you about the partnership between Fusion Practices and Unit4, which brought GrantsNow to life as a modern",120,2025-07-31,Thursday,2025-07-28/2025-08-03,1,Organic,Article,Article,True,529,174.0,22,14,1,0,15,37,0.0699432892249527,0.0415879017013232,0.0,0.0018903591682419,180,27,0,0,,0,0,0,0,none,other,Short (25-60w),,,,,,,,,,,,,,,,,,,,,,,,,,,,,,,,,,,,,,,,,,,,
7360680910905589760,https://www.linkedin.com/feed/update/urn:li:activity:7360680910905589760,"Managing integrations, reports, and configurations in-house can drain valuable time and resources. With GrantsNow, you don’t have to. Our team of 250+ consultants ensures seamless integration and customisation, so you can focus on what truly matters.

#HigherEdTech #GrantsNow #GrantManagement #Automation #Efficiency #SeamlessIntegration","Managing integrations, reports, and configurations in-house can drain valuable time and resources. With GrantsNow, you d",120,2025-08-11,Monday,2025-08-11/2025-08-17,0,Organic,Image or text,,False,330,,3,9,0,0,9,12,0.0363636363636363,0.009090909090909,0.0,0.0,338,42,2,6,"HigherEdTech, GrantsNow, GrantManagement, Automation, Efficiency, SeamlessIntegration",0,0,0,0,none,product_capability,Short (25-60w),,,,,,,,,,,,,,,,,,,,,,,,,,,,,,,,,,,,,,,,,,,,
7364613079155777536,https://www.linkedin.com/feed/update/urn:li:activity:7364613079155777536,"Looking for a single cloud platform to manage BOTH Pre & Post Awards, including Ethics & Contracts? GrantsNow delivers it all—fully integrated, highly configurable, and built on modern Oracle Cloud technology!

Get in touch: https://lnkd.in/dU2Brsef 

#grantsnow #grantsmanagement #preawards #postwards #cloud #SaaS","Looking for a single cloud platform to manage BOTH Pre & Post Awards, including Ethics & Contracts? GrantsNow delivers i",120,2025-08-22,Friday,2025-08-18/2025-08-24,0,Organic,Image or text,,False,124,,4,3,0,0,3,7,0.0564516129032258,0.032258064516129,0.0,0.0,315,41,4,6,"grantsnow, grantsmanagement, preawards, postwards, cloud, SaaS",1,0,0,1,contact,other,Short (25-60w),,,,,,,,,,,,,,,,,,,,,,,,,,,,,,,,,,,,,,,,,,,,
7365765679645396992,https://www.linkedin.com/feed/update/urn:li:activity:7365765679645396992,"The wrong Pre-Awards platform means hidden costs, manual updates, delays, and a higher total cost of ownership. GrantsNow’s TRUE SaaS solution gives you full control, instant upgrades, and zero hidden fees. Read the blog to know how: https://lnkd.in/eqK3_-vN 

#grantsmanagement #armauk #grantsnow #preawards #research","The wrong Pre-Awards platform means hidden costs, manual updates, delays, and a higher total cost of ownership. GrantsNo",120,2025-08-25,Monday,2025-08-25/2025-08-31,0,Organic,Image or text,,False,104,,15,3,0,0,3,18,0.173076923076923,0.1442307692307692,0.0,0.0,318,43,2,5,"grantsmanagement, armauk, grantsnow, preawards, research",1,0,0,0,read,pain_point,Short (25-60w),,,,,,,,,,,,,,,,,,,,,,,,,,,,,,,,,,,,,,,,,,,,
7366061906937262080,https://www.linkedin.com/feed/update/urn:li:activity:7366061906937262080,"Searching for the next generation in pre-awards software? GrantsNow is here now, making pre and post-award administration faster, more automated and better integrated.

#GrantsNow #PreAwardSoftware #PostAwardManagement #ResearchGrants #HigherEdTech #UKUniversities #SmartFunding #FutureReady","Searching for the next generation in pre-awards software? GrantsNow is here now, making pre and post-award administratio",120,2025-08-26,Tuesday,2025-08-25/2025-08-31,1,Organic,Image or text,,False,120,,1,4,0,0,4,5,0.0416666666666666,0.0083333333333333,0.0,0.0,291,31,2,8,"GrantsNow, PreAwardSoftware, PostAwardManagement, ResearchGrants, HigherEdTech, UKUniversities, SmartFunding, FutureReady",0,0,0,1,none,product_capability,Short (25-60w),,,,,,,,,,,,,,,,,,,,,,,,,,,,,,,,,,,,,,,,,,,,
7366424280894447618,https://www.linkedin.com/feed/update/urn:li:activity:7366424280894447618,"GrantsNow is empowering research teams to work smarter, not harder. Discover why UK institutions are opting for a platform designed for outcomes, not workarounds. Get in touch: https://lnkd.in/dU2Brsef

#GrantsNow #PreAwardSoftware #ResearchManagement #HigherEdTech #TrueSaaS #UKUniversities","GrantsNow is empowering research teams to work smarter, not harder. Discover why UK institutions are opting for a platfo",120,2025-08-27,Wednesday,2025-08-25/2025-08-31,1,Organic,Image or text,,False,110,,2,4,0,0,4,6,0.0545454545454545,0.0181818181818181,0.0,0.0,291,34,2,6,"GrantsNow, PreAwardSoftware, ResearchManagement, HigherEdTech, TrueSaaS, UKUniversities",1,0,0,0,contact,thought_leadership,Short (25-60w),,,,,,,,,,,,,,,,,,,,,,,,,,,,,,,,,,,,,,,,,,,,
7366726259323609088,https://www.linkedin.com/feed/update/urn:li:activity:7366726259323609088,"Unlock more opportunities for grants income without needing extra budget! With GrantsNow, you have multiple tools at your disposal to streamline Pre-Awards, enhance team performance, and get your organisation the funding it deserves.","Unlock more opportunities for grants income without needing extra budget! With GrantsNow, you have multiple tools at you",120,2025-08-28,Thursday,2025-08-25/2025-08-31,1,Organic,Image or text,,False,265,,6,10,0,0,10,16,0.060377358490566,0.0226415094339622,0.0,0.0,233,33,0,0,,0,0,0,0,none,other,Short (25-60w),,,,,,,,,,,,,,,,,,,,,,,,,,,,,,,,,,,,,,,,,,,,
7368175810119172097,https://www.linkedin.com/feed/update/urn:li:activity:7368175810119172097,"Been told there's only one option for Pre-Awards software?

Think again. GrantsNow offers a fully configurable, end-to-end Pre-Awards management platform with seamless ERP integration, intelligent dashboards, automated workflows, and compliance-ready reporting—all on a TRUE SaaS platform.

Take a look for yourself https://lnkd.in/dU2Brsef 

#grantsmanagement #grantsnow #preawards #erp #integration",Been told there's only one option for Pre-Awards software?,58,2025-09-01,Monday,2025-09-01/2025-09-07,0,Organic,Image or text,,False,95,,2,5,0,0,5,7,0.0736842105263157,0.0210526315789473,0.0,0.0,400,47,6,5,"grantsmanagement, grantsnow, preawards, erp, integration",1,0,0,1,none,product_capability,Short (25-60w),full,unknown,"GrantsNow is a fully configurable, end-to-end Pre-Awards management platform with seamless ERP integration, intelligent dashboards, automated workflows, and compliance-ready reporting.",yes,"only one option, Pre-Awards software, configurable, end-to-end, seamless ERP integration, intelligent dashboards, automated workflows, compliance-ready reporting, TRUE SaaS",conversational,brand-and-you (mixed),demo,end,learn_more,Take a look,yes,brand + niche - all lowercase (light 5 tags),image,photo + typography,"three graduates in teal caps and gowns from behind, marble column background",yes (backs of graduates),no,3.0,the graduates + 'Its time you met GrantsNow' punchline,photographic,dark teal graduation photo,white type + teal check-mark accent,brand-teal + white + photographic,high,photo realistic with darkened tint,yes,If you were told there was only one option for Pre-Awards software,sentence-case regular weight,66.0,Its time you met GrantsNow,,"GrantsNow logo TL (only, no HM Government badge, no footer contact strip)",TL only,editorial photo hero using the academic graduation moment,demo - alternative to legacy,product_capability + thought_leadership,first graduation-ceremony photo in the whole set + typo 'Its' missing apostrophe in the punchline + no HM Government badge and no contact footer strip + em-dash in caption 'reporting-all' + 'Think again' phrasing echoes SS046 'Think Again.' close,SS083,batch18,1.0,no,,brand-teal + white + photographic
7369015835589357568,https://www.linkedin.com/feed/update/urn:li:activity:7369015835589357568,"Imagine freeing up 35% of your team's time to work on only the most important tasks — that’s what GrantsNow can do by automating manual, repetitive tasks that bog down the grant submission process.

With more time available, your team can increase the number of funding applications they submit by over a third, leading to significantly more grant approvals and funding. More submissions mean more opportunities for research growth, and GrantsNow makes it happen efficiently.

#GrantsNow #TimeSavings #MoreSubmissions #grantsmanagement #educationtrends",Imagine freeing up 35% of your team's time to work on only the most important tasks — that’s what GrantsNow can do by au,120,2025-09-03,Wednesday,2025-09-01/2025-09-07,1,Organic,Image or text,,False,111,,0,4,0,0,4,4,0.036036036036036,0.0,0.0,0.0,552,80,4,5,"GrantsNow, TimeSavings, MoreSubmissions, grantsmanagement, educationtrends",0,0,0,0,none,product_capability,Medium (60-120w),,,,,,,,,,,,,,,,,,,,,,,,,,,,,,,,,,,,,,,,,,,,
7369323383039246336,https://www.linkedin.com/feed/update/urn:li:activity:7369323383039246336,"Stuck with outdated Pre-Awards technology that can't keep up with your institution's needs? GrantsNow offers a modern, highly configurable cloud solution built to adapt to rapid changes seamlessly.

Get in touch: https://lnkd.in/dU2Brsef 

#grantsnow #grantsmanagement #armauk #preawards","Stuck with outdated Pre-Awards technology that can't keep up with your institution's needs? GrantsNow offers a modern, h",120,2025-09-04,Thursday,2025-09-01/2025-09-07,1,Organic,Image or text,,False,148,,7,5,0,0,5,12,0.081081081081081,0.0472972972972973,0.0,0.0,287,36,4,4,"grantsnow, grantsmanagement, armauk, preawards",1,0,0,1,contact,other,Short (25-60w),full,verified,"GrantsNow offers a modern, highly configurable cloud solution built to adapt to rapid changes seamlessly.",yes,"outdated Pre-Awards technology, institution's needs, modern, highly configurable, cloud solution, rapid changes, ARMA UK",conversational,brand-and-you (mixed),demo,end,contact,Get in touch,yes,brand + niche - all lowercase (light 4 tags),image,photo + cream card overlay with cut-out portrait,dark navy office scene with cut-out portrait of a professional woman with tablet,yes,yes,1.0,the '8-year-old' pain question + 'Look No Further.' response,photographic,dark navy office,cream card + orange border + teal type + gold '8-year-old' accent,brand-teal + gold + navy + photographic,high,photo realistic with cut-out portrait,yes,Why invest in 8-year-old Pre-Awards technology with limited flexibility for the rapid changes you need?,sentence-case mixed-weight with gold accent on '8-year-old' + teal accent on 'Look No Further.',103.0,Look No Further.,Get in touch (+44) 7710 041194 | grantsnow.co.uk,GrantsNow logo TL + UNIT4 Partner + Oracle Partner co-brand + contact footer strip,corners + partner co-brand row + footer contact strip,dark navy poster with cream card and cut-out portrait - fourth outdated-tech variant,demo - outdated 8-year-old tech callout,pain_point + product_capability,fourth variant of the outdated / decade-old / 8-year-old tech theme (SS037 SS046 SS064 SS081) - each with a different specific age number + third post with both UNIT4 and Oracle partner badges together (SS017 SS039 SS081) + longest headline in this batch (103 chars),SS081,batch16,1.0,yes,,brand-teal + gold + navy + photographic
7369710563532111874,https://www.linkedin.com/feed/update/urn:li:activity:7369710563532111874,"GrantsNow and Oracle have entered a strategic partnership to deliver a fully integrated Pre & Post Awards solution for research and higher education.
",GrantsNow and Oracle have entered a strategic partnership to deliver a fully integrated Pre & Post Awards solution for r,120,2025-09-05,Friday,2025-09-01/2025-09-07,0,Organic,Article,Article,True,202,218.0,17,8,1,1,10,27,0.1336633663366336,0.0841584158415841,0.0049504950495049,0.0049504950495049,150,23,1,0,,0,0,0,0,none,thought_leadership,Very short (<25w),,,,,,,,,,,,,,,,,,,,,,,,,,,,,,,,,,,,,,,,,,,,
7369715983487356928,https://www.linkedin.com/feed/update/urn:li:activity:7369715983487356928,"GrantsNow, (A SaaS innovation for Grants management) are proud to sponsor Morley Youth U14 Stallions FC for their upcoming season. As part of our CSR policy, we are committed to supporting local initiatives that make a real impact, and our values strongly align with those of the club. Morley Youth FC fosters a positive, inclusive environment where young players can develop their skills, build confidence, and embrace being part of a team. We're excited to be part of their journey and look forward to seeing the team go from strength to strength!

#GrantsNow #MorleyYouthFC #Sponsors","GrantsNow, (A SaaS innovation for Grants management) are proud to sponsor Morley Youth U14 Stallions FC for their upcomi",120,2025-09-05,Friday,2025-09-01/2025-09-07,0,Organic,Image or text,,False,433,,25,20,0,1,21,46,0.1062355658198614,0.0577367205542725,0.0023094688221709,0.0,586,95,2,3,"GrantsNow, MorleyYouthFC, Sponsors",0,0,0,0,none,other,Medium (60-120w),full,unknown,n/a - CSR sponsorship announcement,,"Morley Youth FC, U14 Stallions, sponsor, CSR policy, local initiatives, young players, football",conversational,brand-first-person,sponsorship,none in caption,none,,no,brand + sponsored partner (very tight - 3 tags),image,photo collage with orange background,5-plus action photos of youth football players in orange kits + Morley Youth FC crest,yes (multiple young players),yes (some),6.0,the sponsorship announcement card + collage of players,solid,bright orange,orange + white type + football photos,orange (Morley kit) + white + brand-teal (small),high,flat solid orange with photo tiles,yes,GrantsNow sponsors the Morley Youth U14 Stallions FC,mixed-weight bold with 'Morley Youth U14 Stallions' emphasised,52.0,,,GrantsNow logo top-left of card + Morley Youth FC crest,in-card + partner crest,photo collage poster - completely off-template community CSR post,CSR - Morley Youth FC sponsorship,community_celebration,"FIRST CSR sponsorship post in the whole set + only orange-first palette (rest is teal-dominant) + first collage layout + first photo of children / minors + no product claim, no CTA URL, no G-Cloud badge",SS080,batch16,1.0,yes,,orange (Morley kit) + white + brand-teal (small)
7370854650696200192,https://www.linkedin.com/feed/update/urn:li:activity:7370854650696200192,"GrantsNow and Oracle have entered a strategic partnership to deliver a fully integrated Pre & Post Awards solution for research and higher education, now available on Oracle Marketplace. Read more: https://lnkd.in/djB-zNZq
 
#GrantsNow #Oracle #OracleCloud",GrantsNow and Oracle have entered a strategic partnership to deliver a fully integrated Pre & Post Awards solution for r,120,2025-09-08,Monday,2025-09-08/2025-09-14,0,Organic,Image or text,,False,165,,3,6,0,0,6,9,0.0545454545454545,0.0181818181818181,0.0,0.0,256,34,2,3,"GrantsNow, Oracle, OracleCloud",1,0,0,0,read,thought_leadership,Short (25-60w),full,verified,GrantsNow and Oracle have entered a strategic partnership to deliver a fully integrated Pre & Post Awards solution.,yes,"Oracle, strategic partnership, Pre & Post Awards, Oracle Marketplace, research, higher education, Oracle Cloud",authoritative,brand-third-person,partnership announcement,end,read,Read,no,brand + partner (very tight - 3 tags),image,photo + typography with Oracle co-brand,dark teal-tinted urban/office scene with headline + Oracle Partner logo,no,no,0.0,the Oracle+GrantsNow partnership headline,photographic,dark teal-tinted urban blur,white type + gold divider + Oracle Partner logo,brand-teal + gold + Oracle-red,high,photo with heavy overlay,yes,Oracle and GrantsNow have entered a Strategic Partnership to Enhance Pre & Post Awards Management,title-case mixed-weight bold,96.0,Read about our partnership,LINK IN DESCRIPTION + Get in touch (+44) 7710 041194 | grantsnow.co.uk,GrantsNow logo TL + ORACLE Partner co-brand TR + contact footer strip,corners + centred co-brand + footer contact strip,corporate partnership poster - dark teal with Oracle co-brand,partnership - Oracle strategic,thought_leadership + community_celebration,SECOND PARTNERSHIP ANNOUNCEMENT (SS071 Arribatec + SS079 Oracle) - Oracle is much larger + first mention of Oracle Marketplace + new blog URL djB-zNZq + only 3 hashtags (very tight for a PR post),SS079,batch16,1.0,no,,brand-teal + gold + Oracle-red
7371860130252103680,https://www.linkedin.com/feed/update/urn:li:activity:7371860130252103680,"Remove repetitive tasks and make every resource count. GrantsNow helps your team work faster, smarter, and more efficiently. Get in touch: https://lnkd.in/dU2Brsef

#GrantsNow #UnlockPotential #GrantsFunding #PreAwards","Remove repetitive tasks and make every resource count. GrantsNow helps your team work faster, smarter, and more efficien",120,2025-09-11,Thursday,2025-09-08/2025-09-14,1,Organic,Image or text,,False,130,,2,3,0,0,3,5,0.0384615384615384,0.0153846153846153,0.0,0.0,218,26,2,4,"GrantsNow, UnlockPotential, GrantsFunding, PreAwards",1,0,0,0,contact,other,Short (25-60w),full,verified,"GrantsNow helps your team work faster, smarter, and more efficiently.",yes,"repetitive tasks, resource, faster smarter more efficient, unlock potential, grants funding, pre-awards",conversational,brand-and-you (mixed),demo,end,contact,Get in touch,yes,brand + broad (light 4 tags),image,photo + cream card overlay with lightbulb icon,bright desk photo with laptop and hand on documents/charts,partial (hand only),no,1.0,"the two-line 'Streamline Processes, Unlock Potential' hook + yellow lightbulb",photographic,bright warm neutral (soft teal-tinted),cream card + orange border + teal type + yellow lightbulb + gold divider,brand-teal + gold + cream + soft-photographic,medium,bright natural-light photo with flat card,yes,"Streamline Processes, Unlock Potential",sentence-case bold two-line hook,39.0,Want to know how?,Get in touch (+44) 7710 041194 | grantsnow.co.uk,GrantsNow logo TL + HM Government G-Cloud Supplier TR + contact footer strip,corners + footer contact strip,bright editorial with lightbulb accent - short punchy hook,demo - streamline processes,product_capability,"short two-line hook (39 chars, among the tightest headlines) + on-image lightbulb icon that echoes SS059's caption 💡 emoji + gold divider under the hook (accent already seen on SS034 SS064 SS066)",SS078,batch16,1.0,no,,brand-teal + gold + cream + soft-photographic
7372258449260302336,https://www.linkedin.com/feed/update/urn:li:activity:7372258449260302336,"Integration shouldn’t be an afterthought!

Many universities face unexpected challenges when connecting their Pre-Awards and ERP systems—no budget, no internal resources, just a complex headache.

GrantsNow eliminates this burden by managing all integrations seamlessly, so you can focus on securing more funding, not fixing IT issues. Want to know how? Connect with us: https://lnkd.in/dU2Brsef 

#grantsnow #preawards #research #tech #armauk #ERP #grantsmanagement",Integration shouldn’t be an afterthought!,41,2025-09-12,Friday,2025-09-08/2025-09-14,0,Organic,Image or text,,False,162,,2,3,0,0,3,5,0.0308641975308641,0.0123456790123456,0.0,0.0,466,61,6,7,"grantsnow, preawards, research, tech, armauk, ERP, grantsmanagement",1,0,0,1,none,thought_leadership,Medium (60-120w),full,verified,"GrantsNow eliminates this burden by managing all integrations seamlessly, so you can focus on securing more funding.",yes,"integration, universities, Pre-Awards, ERP systems, no budget, no internal resources, complex headache, IT issues, ARMA UK",conversational,brand-and-you (mixed),demo,end,contact,Connect,yes,brand + niche - mixed case,image,photo + teal card with first-person quote,"two professional women at desk with tablet, other people in background, bright office",yes,yes (multiple),4.0,"the first-person quote card + 'Not with GrantsNow, it isn't!' closer",photographic,bright warm neutral office,teal card + white type + gold accent,brand-teal + gold + bright-photographic,medium,bright natural-light photo with flat teal card,yes,"""We thought grants were the hard part but managing Pre-Awards and ERP integrations was harder.""",first-person quote in quotation marks,94.0,"Not with GrantsNow, it isn't!",Get in touch (+44) 7710 041194 | grantsnow.co.uk,GrantsNow logo TL + HM Government G-Cloud Supplier TR + contact footer strip,corners + footer contact strip,bright office scene with first-person quote card - testimonial with a crowd,demo - ERP integration burden,pain_point + product_capability,first multi-person testimonial (two women foreground plus two in background) + quote-in-quotes on a teal card + em-dash in caption + first exclamation-ending punchline in the set,SS077,batch16,1.0,yes,,brand-teal + gold + bright-photographic
7378411438924541952,https://www.linkedin.com/feed/update/urn:li:activity:7378411438924541952,"With a team of 250+ consultants, we deliver new functionality in under 6 months, helping you stay ahead with the latest innovations quickly and efficiently.

Get in touch: https://lnkd.in/dU2Brsef

#GrantsNow #Innovation #ResearchFunding #GrantManagement #TechDriven #Efficiency #SeamlessIntegration #SmartSolutions #FundingSuccess #ARMAUK","With a team of 250+ consultants, we deliver new functionality in under 6 months, helping you stay ahead with the latest ",120,2025-09-29,Monday,2025-09-29/2025-10-05,0,Organic,Image or text,,False,182,,2,7,0,0,7,9,0.0494505494505494,0.0109890109890109,0.0,0.0,339,39,4,10,"GrantsNow, Innovation, ResearchFunding, GrantManagement, TechDriven, Efficiency, SeamlessIntegration, SmartSolutions, FundingSuccess, ARMAUK",1,0,0,0,contact,other,Short (25-60w),full,verified,"With a team of 250+ consultants, GrantsNow delivers new functionality in under 6 months.",yes,"250+ consultants, new functionality, 6 months, latest innovations, tech driven, efficiency, seamless integration, smart solutions, ARMA UK",authoritative,brand-third-person,demo,end,contact,Get in touch,no,"brand + niche - heavy (10 tags, ties with SS070)",image,action photo (Formula 1 racing cars),"yellow Formula 1 racing car in motion with other cars behind, track blur",yes (F1 driver in helmet),no,1.0,the 50% faster claim card + F1 car speed metaphor,photographic,bright green track blur + yellow F1 car,teal-gold gradient card + white type,racing-yellow + brand-teal + gold + photographic,high,action photo with speed blur,yes,Want to know how GrantsNow delivers new features 50% faster?,mixed-weight bold with '50% faster' emphasised,60.0,,Get in touch (+44) 7710 041194 | grantsnow.co.uk,GrantsNow logo TL + HM Government G-Cloud Supplier TR + contact footer strip,corners + footer contact strip,sports action photo (F1) - third racing metaphor overall,demo - 50% faster delivery,product_capability,THIRD RACING METAPHOR in the set (SS017 MotoGP photo + SS025 cartoon pit + SS076 F1 photo) - now a proper theme with three unique variants + ties SS070 for heaviest hashtag load (10) + 50% stat + 250+ consultants + 6 months delivery claim,SS076,batch15,1.0,no,,racing-yellow + brand-teal + gold + photographic
7380945442945155072,https://www.linkedin.com/feed/update/urn:li:activity:7380945442945155072,"We know the options for Pre- and Post-Awards Management software are limited, especially when most are built on technology that’s nearly a decade old. GrantsNow is different. As a true SaaS solution, it comes with modern, pre-built integrations for ERP, Finance, and HR systems, bringing unmatched efficiency and innovation.

Get in touch: https://lnkd.in/dU2Brsef 

#grantsnow #grantsmanagement #preawards #postawards #SaaS","We know the options for Pre- and Post-Awards Management software are limited, especially when most are built on technolo",120,2025-10-06,Monday,2025-10-06/2025-10-12,0,Organic,Image or text,,False,189,,2,13,0,0,13,15,0.0793650793650793,0.0105820105820105,0.0,0.0,424,58,4,5,"grantsnow, grantsmanagement, preawards, postawards, SaaS",1,0,0,0,contact,other,Short (25-60w),,,,,,,,,,,,,,,,,,,,,,,,,,,,,,,,,,,,,,,,,,,,
7380985954812977152,https://www.linkedin.com/feed/update/urn:li:activity:7380985954812977152,"How much time is your research development team losing by manually entering funding call information into your Pre-Awards platform? GrantsNow auto-populates funding calls and leverages AI to cut down search time.

Experience GrantsNow: https://lnkd.in/dU2Brsef

#grantsnow #preawards #grantsmanagement #armauk",How much time is your research development team losing by manually entering funding call information into your Pre-Award,120,2025-10-06,Monday,2025-10-06/2025-10-12,0,Organic,Image or text,,False,152,,3,5,0,0,5,8,0.0526315789473684,0.0197368421052631,0.0,0.0,309,38,4,4,"grantsnow, preawards, grantsmanagement, armauk",1,0,0,1,none,product_capability,Short (25-60w),full,verified,GrantsNow auto-populates funding calls and leverages AI to cut down search time.,yes,"research development team, manually entering, funding calls, funder portal, auto-populates, AI, ARMA UK",conversational,brand-and-you (mixed),demo,end,learn_more,Experience,yes,brand + niche - all lowercase (light 4 tags),image,B&W portrait + cream card with question,"woman at laptop in casual pose, black-and-white portrait on bright cream background",yes,yes,1.0,the manual-entry question + portrait,photographic,bright cream with subtle wave motif,cream card + orange border + teal type,brand-teal + gold + cream + B&W portrait,medium,flat cream with desaturated portrait,yes,Are you still Manually entering funding calls from the funder portal?,sentence-case mixed-weight (with 'Manually' inexplicably capitalised mid-sentence),69.0,,Get in touch (+44) 7710 041194 | grantsnow.co.uk,GrantsNow logo TL + HM Government G-Cloud Supplier TR + contact footer strip,corners + footer contact strip,bright editorial with B&W portrait,demo - AI funder portal,pain_point + product_capability,"sixth post in the bright-cream card template + 'Manually' capitalised mid-sentence (design/typing quirk, not standard title case) - worth watching whether this is a deliberate emphasis device or a mistake",SS074,batch15,1.0,yes,,brand-teal + gold + cream + B&W portrait
7381282192146051072,https://www.linkedin.com/feed/update/urn:li:activity:7381282192146051072,"Looking for a single cloud platform to manage both Pre- and Post-Awards, including Ethics and Contracts? GrantsNow delivers it all, fully integrated, highly configurable, and powered by modern Oracle Cloud technology.

Get in touch: https://lnkd.in/dU2Brsef

#grantsnow #grantsmanagement #preawards #postawards #cloud #SaaS","Looking for a single cloud platform to manage both Pre- and Post-Awards, including Ethics and Contracts? GrantsNow deliv",120,2025-10-07,Tuesday,2025-10-06/2025-10-12,1,Organic,Image or text,,False,174,,4,7,0,0,7,11,0.0632183908045977,0.0229885057471264,0.0,0.0,323,41,4,6,"grantsnow, grantsmanagement, preawards, postawards, cloud, SaaS",1,0,0,1,contact,other,Short (25-60w),full,verified,"GrantsNow delivers it all: fully integrated, highly configurable, and powered by modern Oracle Cloud technology.",yes,"single cloud platform, Pre- and Post-Awards, Ethics and Contracts, Oracle Cloud, SaaS, grants management",conversational,brand-and-you (mixed),demo,end,contact,Get in touch,yes,brand + niche - all lowercase,image,B&W portrait + cream card with quote-style headline,"same bearded man from SS072, hands behind head, relaxed pose",yes,yes,1.0,the quoted testimonial in the card + 'Your Search Ends Here' pill,photographic,bright cream with subtle wave motif,cream card + orange border + teal type + teal 'Your Search Ends Here' pill,brand-teal + gold + cream + B&W portrait,medium,flat cream with desaturated portrait,yes,"""I want a single cloud platform to handle Pre-Awards, Post-Awards, Ethics, and Contracts.""",sentence-case mixed-weight in quotation marks (first-person),90.0,Your Search Ends Here.,Get in touch (+44) 7710 041194 | grantsnow.co.uk,GrantsNow logo TL + HM Government G-Cloud Supplier TR + contact footer strip,corners + footer contact strip,bright editorial with B&W portrait and first-person quote,demo - single cloud platform,product_capability,second appearance of the same bearded man (with SS072) + first-person quote treatment (like SS056 and SS063) - near-paraphrase of SS056 caption but different visual and different pose,SS073,batch15,1.0,yes,,brand-teal + gold + cream + B&W portrait
7381674779205869568,https://www.linkedin.com/feed/update/urn:li:activity:7381674779205869568,"Unlock smarter decision-making with GrantsNow. Gain deeper insights, automate data capture, and enable advanced reporting across your Pre-Awards process, all in one modern platform.

Experience GrantsNow: https://lnkd.in/dU2Brsef

#grantsnow #preawards #grantsmanagement #researchfunding","Unlock smarter decision-making with GrantsNow. Gain deeper insights, automate data capture, and enable advanced reportin",120,2025-10-08,Wednesday,2025-10-06/2025-10-12,1,Organic,Image or text,,False,174,,1,5,0,0,5,6,0.0344827586206896,0.0057471264367816,0.0,0.0,287,31,4,4,"grantsnow, preawards, grantsmanagement, researchfunding",1,0,0,0,none,product_capability,Short (25-60w),full,verified,"Gain deeper insights, automate data capture, and enable advanced reporting across your Pre-Awards process, all in one modern platform.",yes,"smarter decision-making, deeper insights, data capture, advanced reporting, pre-awards, research funding",conversational,brand-and-you (mixed),demo,end,learn_more,Experience,no,brand + niche - all lowercase,image,B&W portrait + cream card with response pill,"smiling bearded man at a laptop, black-and-white portrait on bright cream background",yes,yes (smiling),1.0,the question card + 'Your Search Ends Here' pill,photographic,bright cream with subtle wave motif,cream card + orange border + teal type + teal 'Your Search Ends Here' pill,brand-teal + gold + cream + B&W portrait,medium,flat cream with desaturated portrait,yes,Want to unlock deeper insights and enable more complex reporting in Pre-Awards?,sentence-case mixed-weight,78.0,Your Search Ends Here.,Get in touch (+44) 7710 041194 | grantsnow.co.uk,GrantsNow logo TL + HM Government G-Cloud Supplier TR + contact footer strip,corners + footer contact strip,bright editorial with B&W portrait - fifth post in the cream-plus-orange-border cluster,demo - deeper insights,product_capability,first time a recurring model appears (same bearded man in SS072 and SS073) + 'Your Search Ends Here' pill introduces a new sub-brand phrase used across the cluster + fifth bright-cream card template (SS023 SS046 SS067 SS070 SS072),SS072,batch15,1.0,yes,,brand-teal + gold + cream + B&W portrait
7382038273923305472,https://www.linkedin.com/feed/update/urn:li:activity:7382038273923305472,"Arribatec Group and GrantsNow have partnered to transform research funding management for Unit4 customers in the UK.

The partnership brings together Arribatec’s deep ERP expertise and GrantsNow’s modern, AI-enabled Pre and Post-Awards platform to deliver a fully integrated solution for universities and research institutions.

Together, they’re helping research offices streamline workflows, ensure compliance, and gain complete visibility across the funding lifecycle.

#GrantsNow #Arribatec #Unit4 #GrantsManagement #ResearchFunding #HigherEducation #Innovation",Arribatec Group and GrantsNow have partnered to transform research funding management for Unit4 customers in the UK.,116,2025-10-09,Thursday,2025-10-06/2025-10-12,1,Organic,Image or text,,False,1390,,42,32,1,3,36,78,0.056115107913669,0.0302158273381294,0.0021582733812949,0.0007194244604316,565,68,6,7,"GrantsNow, Arribatec, Unit4, GrantsManagement, ResearchFunding, HigherEducation, Innovation",0,0,0,0,none,product_capability,Medium (60-120w),full,unknown,The partnership brings together Arribatec's ERP expertise and GrantsNow's AI-enabled Pre and Post-Awards platform for a fully integrated solution.,yes,"Arribatec, GrantsNow, partnership, Unit4, research funding, ERP expertise, AI-enabled, pre and post-awards, universities, research institutions",authoritative,brand-third-person,partnership announcement,none in caption,none,,no,brand + partner + niche,image,typography on light gradient with co-brand marks,cream-to-mint gradient with announcement headline and Arribatec wordmark,no,no,0.0,the announcement headline + Arribatec wordmark as co-brand,gradient,cream to soft mint,dark teal type + black Arribatec wordmark,brand-teal + cream + partner-black,medium,flat gradient,yes,Arribatec and GrantsNow announce partnership to transform research funding management for Unit4 Customers in the UK.,sentence-case mixed-weight with 'Arribatec' and 'GrantsNow' as anchor names,116.0,,,GrantsNow logo top-centre + Arribatec wordmark below headline,top-centre + centred co-brand,corporate announcement poster - completely off-template,partnership - Arribatec Unit4,thought_leadership + community_celebration,"FIRST PARTNERSHIP ANNOUNCEMENT in the whole set + first co-brand of this kind (Arribatec, Unit4) + longest headline yet (116 chars) + no HM Government badge + no product claim, no CTA - pure PR/positioning",SS071,batch14,1.0,no,,brand-teal + cream + partner-black
7383460252458844161,https://www.linkedin.com/feed/update/urn:li:activity:7383460252458844161,"Looking for a complete Pre-Awards solution? GrantsNow delivers AI-powered funding discovery, seamless ERP integration, and true SaaS scalability built on Oracle Cloud.
Discover how it transforms research funding management: https://lnkd.in/dU2Brsef

#GrantsNow #PreAwards #Grants #Funding #YourSearchEndsHere","Looking for a complete Pre-Awards solution? GrantsNow delivers AI-powered funding discovery, seamless ERP integration, a",120,2025-10-13,Monday,2025-10-13/2025-10-19,0,Organic,Image or text,,False,214,,64,6,0,0,6,70,0.3271028037383177,0.2990654205607476,0.0,0.0,308,35,3,5,"GrantsNow, PreAwards, Grants, Funding, YourSearchEndsHere",1,0,0,1,learn_more,product_capability,Short (25-60w),,,,,,,,,,,,,,,,,,,,,,,,,,,,,,,,,,,,,,,,,,,,
7383835973505138689,https://www.linkedin.com/feed/update/urn:li:activity:7383835973505138689,,,0,2025-10-14,Tuesday,2025-10-13/2025-10-19,1,Organic,Article,Article,True,181,166.0,4,5,0,0,5,9,0.0497237569060773,0.0220994475138121,0.0,0.0,0,0,0,0,,0,0,0,0,none,other,Very short (<25w),,,,,,,,,,,,,,,,,,,,,,,,,,,,,,,,,,,,,,,,,,,,
7387095402111569922,https://www.linkedin.com/feed/update/urn:li:activity:7387095402111569922,"Want to protect your reputation through ethical governance in research funding? We can help you stay compliant and manage grants ethically.

Discover how GrantsNow makes it simple: https://lnkd.in/dU2Brsef

#GrantsNow #GrantsManagement #ResearchFunding #PreAwards #PostAwards #EthicalGovernance #Compliance #HigherEducation #ResearchIntegrity #FundingSuccess",Want to protect your reputation through ethical governance in research funding? We can help you stay compliant and manag,120,2025-10-23,Thursday,2025-10-20/2025-10-26,1,Organic,Image or text,,False,128,,0,4,0,0,4,4,0.03125,0.0,0.0,0.0,358,38,4,10,"GrantsNow, GrantsManagement, ResearchFunding, PreAwards, PostAwards, EthicalGovernance, Compliance, HigherEducation, ResearchIntegrity, FundingSuccess",1,0,0,1,learn_more,thought_leadership,Short (25-60w),full,verified,GrantsNow helps you protect your reputation through ethical governance in research funding.,yes,"reputation, ethical governance, research funding, compliance, grants ethically, research integrity, post-awards, higher education",conversational,brand-and-you (mixed),demo,end,learn_more,Discover,yes,brand + niche - heaviest in the set (10 tags),image,portrait photo + cream card overlay with response pill,"woman working at laptop in a cafe or bright office, side view",yes,yes (side),1.0,the ethical-governance question + 'We Can Help' pill,photographic,"bright warm neutral (like SS023, SS046, SS067)",cream card + orange border + teal type + teal 'help' pill,brand-teal + gold + cream + photographic,medium,bright natural-light photo with flat card,yes,Want to strengthen ethical governance across your grants process?,sentence-case mixed-weight with 'ethical governance' emphasised,65.0,We Can Help,Get in touch (+44) 7710 041194 | grantsnow.co.uk,GrantsNow logo TL + HM Government G-Cloud Supplier TR + contact footer strip,corners + footer contact strip,bright editorial portrait with question setup and response pill,demo - ethical governance,pain_point + product_capability,new heaviest hashtag load in the set (10 tags - beats SS025's 9 and SS028's 8) + first ethical-governance angle + fourth bright-cream portrait template (SS023 SS046 SS067 SS070),SS070,batch14,1.0,yes,,brand-teal + gold + cream + photographic
7391444159447998464,https://www.linkedin.com/feed/update/urn:li:activity:7391444159447998464,"With GrantsNow, you can assign responsibilities, control access, and ensure data security within a fully configurable and user-friendly platform built for research offices.

Learn more: https://lnkd.in/dU2Brsef 

#GrantsNow #GrantsManagement #PreAwards #ResearchFunding #DataSecurity #Compliance #HigherEducation","With GrantsNow, you can assign responsibilities, control access, and ensure data security within a fully configurable an",120,2025-11-04,Tuesday,2025-11-03/2025-11-09,1,Organic,Image or text,,False,95,,2,3,0,0,3,5,0.0526315789473684,0.0210526315789473,0.0,0.0,312,33,4,7,"GrantsNow, GrantsManagement, PreAwards, ResearchFunding, DataSecurity, Compliance, HigherEducation",1,0,0,0,learn_more,thought_leadership,Short (25-60w),,,,,,,,,,,,,,,,,,,,,,,,,,,,,,,,,,,,,,,,,,,,
7391836752694652930,https://www.linkedin.com/feed/update/urn:li:activity:7391836752694652930,"GrantsNow empowers research offices to identify the right opportunities faster, streamline submissions, and increase funding success through automation and smart integrations. Find out how: https://lnkd.in/dU2Brsef 

#GrantsNow #ResearchFunding #GrantsManagement #PreAwards #HigherEducation #FundingSuccess #ResearchInnovation","GrantsNow empowers research offices to identify the right opportunities faster, streamline submissions, and increase fun",120,2025-11-05,Wednesday,2025-11-03/2025-11-09,1,Organic,Image or text,,False,124,,4,4,0,0,4,8,0.064516129032258,0.032258064516129,0.0,0.0,326,32,2,7,"GrantsNow, ResearchFunding, GrantsManagement, PreAwards, HigherEducation, FundingSuccess, ResearchInnovation",1,0,0,0,learn_more,product_capability,Short (25-60w),,,,,,,,,,,,,,,,,,,,,,,,,,,,,,,,,,,,,,,,,,,,
7392538681380737024,https://www.linkedin.com/feed/update/urn:li:activity:7392538681380737024,"Frustrated with complex pricing and approval workflows? GrantsNow simplifies your Pre-Awards process so you can focus on securing more research funding.

#GrantsNow #PreAwards #ResearchFunding #GrantsManagement #HigherEducation",Frustrated with complex pricing and approval workflows? GrantsNow simplifies your Pre-Awards process so you can focus on,120,2025-11-07,Friday,2025-11-03/2025-11-09,0,Organic,Image or text,,False,113,,2,5,0,0,5,7,0.0619469026548672,0.0176991150442477,0.0,0.0,227,26,2,5,"GrantsNow, PreAwards, ResearchFunding, GrantsManagement, HigherEducation",0,0,0,1,none,thought_leadership,Short (25-60w),full,verified,GrantsNow simplifies your Pre-Awards process so you can focus on securing more research funding.,yes,"complex pricing, approval workflows, pre-awards, research funding, grants management, higher education",conversational,brand-and-you (mixed),brand awareness,none in caption,none,,yes,brand + niche,image,portrait photo + cream card overlay with response pill,"young woman with head resting on laptop in defeat pose, warm daylight desk",yes,partial (obscured by pose),1.0,the defeated posture + 'We can help you fix it' response pill,photographic,bright warm neutral (cream + wood tones),cream card + orange border + teal type + teal 'help' pill,brand-teal + gold + cream + photographic,medium,bright natural-light photo + flat card,yes,Managing complex pricing and approval workflows can be frustrating.,sentence-case mixed-weight with 'complex' emphasised,68.0,We can help you fix it with GrantsNow,Get in touch (+44) 7710 041194 | grantsnow.co.uk,GrantsNow logo TL + HM Government G-Cloud Supplier TR + contact footer strip,corners + footer contact strip,bright editorial with defeated-pose portrait - shares aesthetic with SS046 (Think Again) and SS023 (Sounds neat),brand awareness - complex pricing,pain_point + product_capability,second defeated-pose portrait (after SS043 frustrated executive) but rendered in the bright cream aesthetic rather than the dark teal overlay - this pairs the emotional cue with the light-photo template,SS067,batch14,1.0,yes,,brand-teal + gold + cream + photographic
7393633748526891008,https://www.linkedin.com/feed/update/urn:li:activity:7393633748526891008,"Access real-time cost comparisons with GrantsNow to make faster, more accurate funding decisions. Get in touch: https://lnkd.in/dU2Brsef

#GrantsNow #GrantsManagement #PreAwards #ResearchFunding #HigherEducation","Access real-time cost comparisons with GrantsNow to make faster, more accurate funding decisions. Get in touch: https://",120,2025-11-10,Monday,2025-11-10/2025-11-16,0,Organic,Image or text,,False,96,,2,2,0,0,2,4,0.0416666666666666,0.0208333333333333,0.0,0.0,211,22,2,5,"GrantsNow, GrantsManagement, PreAwards, ResearchFunding, HigherEducation",1,0,0,0,contact,other,Very short (<25w),full,verified,"Access real-time cost comparisons with GrantsNow to make faster, more accurate funding decisions.",yes,"real-time cost comparisons, full economic costings, faster funding decisions, research funding, higher education",authoritative,brand-third-person,demo,end,contact,Get in touch,no,brand + niche (light - 4 tags),image,bright photo + all-caps typography,"smiling woman and man at a laptop, bright warm office photo",yes,yes (both smiling),2.0,the all-caps 'REAL-TIME COST COMPARISONS' claim + gold divider under it,photographic,"bright warm neutral (like SS018, SS023)",white all-caps type + gold divider + teal card border,brand-teal + gold + bright-photographic,medium,bright natural-light photo,yes,GET REAL-TIME COST COMPARISONS AND FULL ECONOMIC COSTINGS AT YOUR FINGERTIPS.,all-caps bold,78.0,,Get in touch (+44) 7710 041194 | grantsnow.co.uk,GrantsNow logo TL + HM Government G-Cloud Supplier TR + contact footer strip,corners + footer contact strip,"bright team photo with all-caps hook - third bright variant (SS018, SS023, SS066)",demo - real-time cost comparisons,product_capability,"tenth all-caps headline in the set + third bright-daylight photo (SS018, SS023, SS066) - all three are person-plus-laptop team scenes in warm neutral tones",SS066,batch13,1.0,yes,,brand-teal + gold + bright-photographic
7394736819155881984,https://www.linkedin.com/feed/update/urn:li:activity:7394736819155881984,"Universities are uncovering significantly more funding opportunities by using a single platform that brings searchable global grant databases, custom alerts, and automation together. Want to find out how they’re doing it?

#GrantsNow #GrantsManagement #ResearchFunding #PreAwards #HigherEducation #FundingOpportunities",Universities are uncovering significantly more funding opportunities by using a single platform that brings searchable g,120,2025-11-13,Thursday,2025-11-10/2025-11-16,1,Organic,Image or text,,False,92,,1,6,0,0,6,7,0.0760869565217391,0.0108695652173913,0.0,0.0,318,37,2,6,"GrantsNow, GrantsManagement, ResearchFunding, PreAwards, HigherEducation, FundingOpportunities",0,0,0,1,learn_more,product_capability,Short (25-60w),,,,,,,,,,,,,,,,,,,,,,,,,,,,,,,,,,,,,,,,,,,,
7395103993670107137,https://www.linkedin.com/feed/update/urn:li:activity:7395103993670107137,"Most Pre-Awards systems run on outdated tech. GrantsNow is the only UK solution built on state-of-the-art SaaS Cloud, giving universities a faster and more future-ready platform for research funding.

#GrantsNow #GrantsManagement #PreAwards #ResearchFunding #SaaS #HigherEducation #OracleCloud","Most Pre-Awards systems run on outdated tech. GrantsNow is the only UK solution built on state-of-the-art SaaS Cloud, gi",120,2025-11-14,Friday,2025-11-10/2025-11-16,0,Organic,Image or text,,False,129,,0,6,0,0,6,6,0.0465116279069767,0.0,0.0,0.0,293,36,2,7,"GrantsNow, GrantsManagement, PreAwards, ResearchFunding, SaaS, HigherEducation, OracleCloud",0,0,0,0,none,thought_leadership,Short (25-60w),full,verified,"GrantsNow is the only UK solution built on state-of-the-art SaaS Cloud, giving universities a faster and more future-ready platform for research funding.",yes,"outdated tech, only UK solution, state-of-the-art, SaaS Cloud, future-ready, universities, research funding, Oracle Cloud",authoritative,brand-third-person,brand awareness,none in caption,none,,no,brand + niche,image,photo + all-caps typography with gold divider,dark teal server-room/tech background with all-caps question and sub,partial (background),no,0.0,the all-caps 'WHY BUY OUTDATED TECHNOLOGY?' question + gold divider + only-UK claim,photographic,dark teal-tinted server-room photo,white all-caps type + gold divider line,brand-teal + gold + photographic,high,photo with heavy overlay,yes,WHY BUY A PRE-AWARD SOLUTION THAT IS ALREADY ON OUTDATED TECHNOLOGY?,all-caps bold,66.0,GrantsNow is the only Pre-Awards solution in the UK built on the latest state-of-the-art SaaS Cloud technology.,Get in touch (+44) 7710 041194 | grantsnow.co.uk,GrantsNow logo TL + HM Government G-Cloud Supplier TR + contact footer strip,corners + footer contact strip,photo hero with all-caps question and gold divider - technology positioning,brand awareness - outdated tech,product_capability + thought_leadership,"ninth all-caps headline in the set + 'only UK solution' exclusivity claim (like SS047 'A first in UK higher education') + third variant of the decade-old / outdated / legacy tech theme (SS037, SS046, SS064)",SS064,batch13,1.0,no,,brand-teal + gold + photographic
7396529450240192512,https://www.linkedin.com/feed/update/urn:li:activity:7396529450240192512,"Budgets are tight and research teams need tools that deliver real value. GrantsNow gives universities an affordable way to manage Pre-Awards work without the complexity. If you are looking for a smarter, budget friendly option, we can help.

#GrantsNow #ResearchFunding #HigherEducation #PreAwards #GrantsManagement #UniversityResearch",Budgets are tight and research teams need tools that deliver real value. GrantsNow gives universities an affordable way ,120,2025-11-18,Tuesday,2025-11-17/2025-11-23,1,Organic,Image or text,,False,103,,4,4,0,0,4,8,0.0776699029126213,0.0388349514563106,0.0,0.0,335,44,2,6,"GrantsNow, ResearchFunding, HigherEducation, PreAwards, GrantsManagement, UniversityResearch",0,0,0,0,none,thought_leadership,Short (25-60w),full,verified,GrantsNow gives universities an affordable way to manage Pre-Awards work without the complexity.,yes,"budgets, research teams, real value, affordable, budget friendly, universities, pre-awards, university research",conversational,brand-and-you (mixed),brand awareness,none in caption,none,,no,brand + niche,image,photo + quote-style typography with response pill,"person at laptop in background, dark teal overlay + quote-mark all-caps card",yes (background),no,1.0,the quote-style headline + 'We've got you covered!' response pill,photographic,dark teal-tinted office,white all-caps quote + gold quotation marks + teal 'covered' pill,brand-teal + gold + photographic,high,photo with heavy overlay,yes,"""IN THESE TIMES OF CHALLENGING BUDGETS, WE NEED AN AFFORDABLE PRE-AWARDS SOLUTION""",all-caps bold inside gold quotation marks,82.0,We've got you covered!,Get in touch (+44) 7710 041194 | grantsnow.co.uk,GrantsNow logo TL + HM Government G-Cloud Supplier TR + contact footer strip,corners + footer contact strip,photo hero with quote-mark treatment - implied testimonial from a decision maker,brand awareness - affordable pre-awards,pain_point + product_capability,first quote-mark treatment on the headline (with gold opening/closing quotes) + 'affordable' / 'budget friendly' positioning - only post explicitly leading with price + eighth all-caps headline,SS063,batch13,1.0,no,,brand-teal + gold + photographic
7397273530310115328,https://www.linkedin.com/feed/update/urn:li:activity:7397273530310115328,"ERP integrations should not take 18 months. GrantsNow delivers faster, seamless connectivity so your team can focus on winning more funding, not waiting on integrations.

#GrantsNow #PreAwards #ERPIntegration #ResearchFunding #HigherEducation","ERP integrations should not take 18 months. GrantsNow delivers faster, seamless connectivity so your team can focus on w",120,2025-11-20,Thursday,2025-11-17/2025-11-23,1,Organic,Image or text,,False,135,,7,8,0,0,8,15,0.1111111111111111,0.0518518518518518,0.0,0.0,242,30,2,5,"GrantsNow, PreAwards, ERPIntegration, ResearchFunding, HigherEducation",0,0,0,0,none,community_celebration,Short (25-60w),,,,,,,,,,,,,,,,,,,,,,,,,,,,,,,,,,,,,,,,,,,,
7398695652911915008,https://www.linkedin.com/feed/update/urn:li:activity:7398695652911915008,"Make your Pre Awards system work your way. With GrantsNow, you can quickly configure forms, fields, hierarchies and approval workflows without waiting on developers.

#ResearchFunding #PreAwards #ResearchManagement #GrantsNow","Make your Pre Awards system work your way. With GrantsNow, you can quickly configure forms, fields, hierarchies and appr",120,2025-11-24,Monday,2025-11-24/2025-11-30,0,Organic,Image or text,,False,119,,3,9,0,0,9,12,0.1008403361344537,0.0252100840336134,0.0,0.0,225,28,2,4,"ResearchFunding, PreAwards, ResearchManagement, GrantsNow",0,0,0,0,none,other,Short (25-60w),,,,,,,,,,,,,,,,,,,,,,,,,,,,,,,,,,,,,,,,,,,,
7399446897091911680,https://www.linkedin.com/feed/update/urn:li:activity:7399446897091911680,"Research teams deserve tools that remove complexity, not add to it. GrantsNow streamlines key Pre and Post Award tasks so your staff can focus more on delivering impactful research, not admin.

#ResearchFunding #PreAwards #PostAwards #ResearchManagement #GrantsNow","Research teams deserve tools that remove complexity, not add to it. GrantsNow streamlines key Pre and Post Award tasks s",120,2025-11-26,Wednesday,2025-11-24/2025-11-30,1,Organic,Image or text,,False,125,,0,5,0,0,5,5,0.04,0.0,0.0,0.0,264,36,2,5,"ResearchFunding, PreAwards, PostAwards, ResearchManagement, GrantsNow",0,0,0,0,none,thought_leadership,Short (25-60w),,,,,,,,,,,,,,,,,,,,,,,,,,,,,,,,,,,,,,,,,,,,
7400182916913422337,https://www.linkedin.com/feed/update/urn:li:activity:7400182916913422337,"Research teams are looking for tools that reduce workload, cut costs, and simplify Pre-Awards processes. Universities are now exploring modern, configurable platforms that deliver faster integrations, real-time insights, and better value.

#GrantsNow #ResearchFunding #PreAwards #HigherEducation #UniversityResearch #SaaS","Research teams are looking for tools that reduce workload, cut costs, and simplify Pre-Awards processes. Universities ar",120,2025-11-28,Friday,2025-11-24/2025-11-30,0,Organic,Image or text,,False,180,,57,5,0,0,5,62,0.3444444444444444,0.3166666666666666,0.0,0.0,321,37,2,6,"GrantsNow, ResearchFunding, PreAwards, HigherEducation, UniversityResearch, SaaS",0,0,0,0,none,thought_leadership,Short (25-60w),,,,,,,,,,,,,,,,,,,,,,,,,,,,,,,,,,,,,,,,,,,,
7402361080334733313,https://www.linkedin.com/feed/update/urn:li:activity:7402361080334733313,"💡 Many schools miss out on valuable grants, not because they’re not eligible, but because they don’t have the tools or time to find and manage them.

With GrantsNow, your team can:
🔹 Easily discover local, regional, and federal funding opportunities
🔹 Collaborate in one place with clear workflows
🔹 Track deadlines and submissions with ease

#EducationGrants #K12Solutions #FundingSuccess #EdLeaders","💡 Many schools miss out on valuable grants, not because they’re not eligible, but because they don’t have the tools or t",120,2025-12-04,Thursday,2025-12-01/2025-12-07,1,Organic,Image or text,,False,189,,8,7,1,1,9,17,0.0899470899470899,0.0423280423280423,0.0052910052910052,0.0052910052910052,400,60,7,4,"EducationGrants, K12Solutions, FundingSuccess, EdLeaders",0,0,4,0,none,other,Short (25-60w),full,unknown,"With GrantsNow, your team can easily discover local, regional, and federal funding opportunities, collaborate in one place, and track deadlines.",yes,"K12, schools, local regional federal funding, education grants, workflows, deadlines, ed leaders",conversational,brand-and-you (mixed),brand awareness,none in caption,none,,no,US K-12 audience (first non-UK targeting),image,photo + massive typography with lock icon,"man with beard and glasses at laptop, teal background, large caps type framing him",yes,yes,1.0,the massive 'GRANTS FUNDING' letters + 'UNLOCK MORE' pill with lock icon,photographic,dark teal-tinted photo,white all-caps type + teal script accent + gold lock icon,brand-teal + gold + photographic,high,photo with heavy overlay + flat type,yes,GRANTS UNLOCK MORE FUNDING,very large all-caps sans-serif with lock icon in inline pill,26.0,WITH LESS COST,,GrantsNow logo top-centre,top-centre,typography-hero with portrait framed inside the letters + lock icon and script accent,brand awareness - K-12 schools US market,product_capability,FIRST US K-12 schools audience targeting in the whole set (rest is UK higher ed) + first emoji lightbulb 💡 at the very start of a caption + first padlock icon + first handwritten script accent 'WITH LESS COST' - completely new visual and audience combination,SS059,batch12,1.0,yes,US,brand-teal + gold + photographic
7403757773408292864,https://www.linkedin.com/feed/update/urn:li:activity:7403757773408292864,"Searching for the next generation in pre-awards software? GrantsNow is here, making pre and post-award administration faster, automated and easily integrated.

#GrantsNow #PreAwardSoftware #PostAwardManagement #ResearchGrants #HigherEdTech #UKUniversities #SmartFunding #FutureReady","Searching for the next generation in pre-awards software? GrantsNow is here, making pre and post-award administration fa",120,2025-12-08,Monday,2025-12-08/2025-12-14,0,Organic,Image or text,,False,91,,5,4,1,0,5,10,0.1098901098901098,0.0549450549450549,0.0,0.0109890109890109,282,29,2,8,"GrantsNow, PreAwardSoftware, PostAwardManagement, ResearchGrants, HigherEdTech, UKUniversities, SmartFunding, FutureReady",0,0,0,1,none,product_capability,Short (25-60w),full,verified,"GrantsNow is here, making pre and post-award administration faster, automated and easily integrated.",yes,"next generation, pre-awards software, post-award management, automation, integration, higher ed tech, smart funding, future ready",conversational,brand-and-you (mixed),brand awareness,none in caption,none,,yes,brand + broad + niche - very heavy (8 tags),image,photo (space astronaut) with expanded typography,astronaut in white spacesuit reaching outward with earth curve visible in background,yes (astronaut),no (helmet),1.0,the DON'T GET LOST hook + astronaut + 25%+ claim,photographic,black space + blue earth curve,white all-caps type + teal accent + green check,black + brand-teal + white + photographic,very high,photo realistic with cosmic backdrop,yes,DONT GET LOST,all-caps bold (no apostrophe in this variant),13.0,Searching for an advanced Pre-Awards Platform.... Increase funding opportunities by 25%+ with GrantsNow,,GrantsNow check-mark BR (no HM Government badge),BR check-mark only,cinematic space photo with punchy short hook and expanded on-image copy,brand awareness - next generation,product_capability + thought_leadership,"near-duplicate of SS028 but with two textual changes: (1) apostrophe missing from 'DONT' in this creative, (2) caption slightly softened ('automated and easily integrated' vs 'more automated and better integrated'). Caption is NOT byte-identical to SS028 so does not count as a hard duplicate; treat as a refinement.",SS058,batch12,1.0,no,,black + brand-teal + white + photographic
7404120152759455745,https://www.linkedin.com/feed/update/urn:li:activity:7404120152759455745,"GrantsNow is empowering research teams to work smarter, not harder. Discover why UK institutions are opting for a platform designed for outcomes, not workarounds. Get in touch: https://lnkd.in/dU2Brsef

#GrantsNow #PreAwardSoftware #ResearchManagement #HigherEdTech #TrueSaaS #UKUniversities","GrantsNow is empowering research teams to work smarter, not harder. Discover why UK institutions are opting for a platfo",120,2025-12-09,Tuesday,2025-12-08/2025-12-14,1,Organic,Image or text,,False,86,,3,5,0,0,5,8,0.0930232558139534,0.0348837209302325,0.0,0.0,291,34,2,6,"GrantsNow, PreAwardSoftware, ResearchManagement, HigherEdTech, TrueSaaS, UKUniversities",1,0,0,0,contact,thought_leadership,Short (25-60w),,,,,,,,,,,,,,,,,,,,,,,,,,,,,,,,,,,,,,,,,,,,
7404490840879869953,https://www.linkedin.com/feed/update/urn:li:activity:7404490840879869953,"Looking for a single cloud platform to manage BOTH Pre & Post Awards, including Ethics & Contracts? GrantsNow delivers it all—fully integrated, highly configurable, and built on modern Oracle Cloud technology!

Get in touch: https://lnkd.in/dU2Brsef 

#grantsnow #grantsmanagement #preawards #postwards #cloud #SaaS","Looking for a single cloud platform to manage BOTH Pre & Post Awards, including Ethics & Contracts? GrantsNow delivers i",120,2025-12-10,Wednesday,2025-12-08/2025-12-14,1,Organic,Image or text,,False,74,,1,5,0,0,5,6,0.081081081081081,0.0135135135135135,0.0,0.0,315,41,4,6,"grantsnow, grantsmanagement, preawards, postwards, cloud, SaaS",1,0,0,1,contact,other,Short (25-60w),full,verified,"GrantsNow delivers it all - fully integrated, highly configurable, and built on modern Oracle Cloud technology.",yes,"single cloud platform, Pre & Post Awards, Ethics & Contracts, Oracle Cloud, SaaS, grants management",conversational,brand-and-you (mixed),demo,end,contact,Get in touch,yes,brand + niche - all lowercase (has typo #postwards),image,portrait photo + testimonial speech card,"smiling man at laptop, professional casual",yes,yes (smiling),1.0,the testimonial speech card + 'GrantsNow has it all!' pill,photographic,dark teal-tinted office,cream speech card + teal accent + gold status pill,brand-teal + gold + cream + photographic,high,photo realistic with overlay,yes,"Thanks to GrantsNow, I have a single cloud platform to manage both Pre & Post Awards including ethics and contracts",first-person testimonial in quote marks,115.0,GrantsNow has it all!,Get in touch (+44) 7710 041194 | grantsnow.co.uk,GrantsNow logo TL,TL only,portrait-plus-speech-card - first testimonial in the set,demo - single cloud platform,product_capability + community_celebration,"FIRST TESTIMONIAL-STYLE POST (first-person quote from a smiling user) + typo in hashtag #postwards missing an 'a' + no HM Government badge + em-dash in caption 'delivers it all-fully' || SAME CAPTION AS SS056 but the on-image headline flips from testimonial ('Thanks to GrantsNow, I have...') to demand ('I need a Cloud Software...'). Same portrait template, opposite emotional framing. Cleanest before-and-after A/B in the whole set for testing whether after-the-purchase 'thanks' or before-the-purchase 'need' pulls better.","SS056, SS088","batch11, batch19",2.0,yes,,brand-teal + gold + cream + photographic
7404844937848037376,https://www.linkedin.com/feed/update/urn:li:activity:7404844937848037376,"Imagine freeing up 35% of your team's time to work on only the most important tasks — that’s what GrantsNow can do by automating manual, repetitive tasks that bog down the grant submission process.

With more time available, your team can increase the number of funding applications they submit by over a third, leading to significantly more grant approvals and funding. More submissions mean more opportunities for research growth, and GrantsNow makes it happen efficiently.

#GrantsNow #TimeSavings #MoreSubmissions #grantsmanagement #educationtrends",Imagine freeing up 35% of your team's time to work on only the most important tasks — that’s what GrantsNow can do by au,120,2025-12-11,Thursday,2025-12-08/2025-12-14,1,Organic,Image or text,,False,346,,14,13,0,1,14,28,0.0809248554913294,0.0404624277456647,0.0028901734104046,0.0,552,80,4,5,"GrantsNow, TimeSavings, MoreSubmissions, grantsmanagement, educationtrends",0,0,0,0,none,product_capability,Medium (60-120w),bottom-cropped,inferred,"GrantsNow can free up 35% of your team's time by automating manual, repetitive tasks that bog down the grant submission process.",yes,"35% time savings, funding applications, grant approvals, grant submission process, automation, time savings, more submissions, education trends",conversational,brand-and-you (mixed),brand awareness,none in caption,none,,no,brand + niche - mixed case,image,photo + typography with teal circle accent,"hand pointing at a wrist watch on another wrist, dark teal-tinted photo",yes (hands only),no,2.0,the wristwatch with teal circle drawn around it + 35% claim,photographic,dark teal-tinted photo,white type + teal accent on '35%' + teal circle around watch,brand-teal + white + photographic,high,photo realistic with darkened tint,yes,How does freeing up 35% more time for Grants Submissions sound,mixed-weight bold with teal accent on '35%',62.0,,GrantsNow.co.uk,GrantsNow logo top-centre,top-centre,photo hero with wrist-watch time metaphor and hand-drawn teal circle accent,brand awareness - time savings,product_capability,"first watch/time visual metaphor + hand-drawn teal circle as accent (new device) + 35% stat (SS053 also used 35%) + 'Imagine freeing up X%' opener (like SS033's 'Imagine being able to') || SAME CAPTION AS SS055 but the creative is completely different - SS055 was a real wristwatch photo, SS082 is a 3D illustrated stopwatch with huge 35% display type. Second time this campaign runs a visual A/B on the same 35% claim. First 3D illustration in the set + first URL-only footer (no phone number).","SS055, SS082","batch11, batch18",2.0,no,,brand-teal + white + photographic
7406332234699390976,https://www.linkedin.com/feed/update/urn:li:activity:7406332234699390976,"GrantsNow empowers research offices to identify the right opportunities faster, streamline submissions, and increase funding success through automation and smart integrations. Find out how: https://lnkd.in/dU2Brsef 

#GrantsNow #ResearchFunding #GrantsManagement #PreAwards #HigherEducation #FundingSuccess #ResearchInnovation","GrantsNow empowers research offices to identify the right opportunities faster, streamline submissions, and increase fun",120,2025-12-15,Monday,2025-12-15/2025-12-21,0,Organic,Image or text,,False,221,,1,7,0,0,7,8,0.0361990950226244,0.004524886877828,0.0,0.0,326,32,2,7,"GrantsNow, ResearchFunding, GrantsManagement, PreAwards, HigherEducation, FundingSuccess, ResearchInnovation",1,0,0,0,learn_more,product_capability,Short (25-60w),,,,,,,,,,,,,,,,,,,,,,,,,,,,,,,,,,,,,,,,,,,,
7406671973143027712,https://www.linkedin.com/feed/update/urn:li:activity:7406671973143027712,"Many solutions claim to be SaaS, but few actually are. A TRUE SaaS platform has a single codebase, instant updates, and scalable configurations. Read the blog to know more: https://lnkd.in/eqK3_-vN 

#grantsnow #preawards #research #grantsmanagement #armauk #SaaS","Many solutions claim to be SaaS, but few actually are. A TRUE SaaS platform has a single codebase, instant updates, and ",120,2025-12-16,Tuesday,2025-12-15/2025-12-21,1,Organic,Image or text,,False,319,,6,13,0,0,13,19,0.0595611285266457,0.018808777429467,0.0,0.0,263,36,2,6,"grantsnow, preawards, research, grantsmanagement, armauk, SaaS",1,0,0,0,read,thought_leadership,Short (25-60w),,,,,,,,,,,,,,,,,,,,,,,,,,,,,,,,,,,,,,,,,,,,
7407081660690776064,https://www.linkedin.com/feed/update/urn:li:activity:7407081660690776064,"Managing integrations, reports, and configurations in-house can drain valuable time and resources. With GrantsNow, you don’t have to. Our team of 250+ consultants ensures seamless integration and customisation, so you can focus on what truly matters.

#HigherEdTech #GrantsNow #GrantManagement #Automation #Efficiency #SeamlessIntegration","Managing integrations, reports, and configurations in-house can drain valuable time and resources. With GrantsNow, you d",120,2025-12-17,Wednesday,2025-12-15/2025-12-21,1,Organic,Image or text,,False,103,,1,5,0,0,5,6,0.058252427184466,0.0097087378640776,0.0,0.0,338,42,2,6,"HigherEdTech, GrantsNow, GrantManagement, Automation, Efficiency, SeamlessIntegration",0,0,0,0,none,product_capability,Short (25-60w),,,,,,,,,,,,,,,,,,,,,,,,,,,,,,,,,,,,,,,,,,,,
7407415268119015424,https://www.linkedin.com/feed/update/urn:li:activity:7407415268119015424,"Thanks to everyone who has been a part of this progressive year! Wishing you all a very Merry Christmas and Happy New Year from Team GrantsNow

#NewYear2026 #Christmas #TheGrantScope #Newsletter #Partnerships",Thanks to everyone who has been a part of this progressive year! Wishing you all a very Merry Christmas and Happy New Ye,120,2025-12-18,Thursday,2025-12-15/2025-12-21,1,Organic,Article,Article,True,792,206.0,49,17,3,3,23,72,0.0909090909090909,0.0618686868686868,0.0037878787878787,0.0037878787878787,208,31,2,5,"NewYear2026, Christmas, TheGrantScope, Newsletter, Partnerships",0,0,0,0,none,other,Short (25-60w),,,,,,,,,,,,,,,,,,,,,,,,,,,,,,,,,,,,,,,,,,,,
7407401310569865216,https://www.linkedin.com/feed/update/urn:li:activity:7407401310569865216,"🚀 We’re Hiring! Join Our Team at GrantsNow 🚀

We’re excited to announce that we are expanding our Inside Sales Team and we’re looking for talented individuals to join us! If you’re passionate, driven, and ready to take on new challenges, we want to hear from you. 🌟

📌 Explore our open opportunities and apply here:
🔗 https://lnkd.in/ex4UZt-6

Come build the future with us! 💼✨

#Hiring #EnterpriseInsideSalesExecutive #JoinOurTeam #London ",🚀 We’re Hiring! Join Our Team at GrantsNow 🚀,44,2025-12-18,Thursday,2025-12-15/2025-12-21,1,Organic,Image or text,,False,534,,29,9,0,2,11,40,0.0749063670411985,0.0543071161048689,0.0037453183520599,0.0,440,69,9,4,"Hiring, EnterpriseInsideSalesExecutive, JoinOurTeam, London",1,0,7,0,read,other,Medium (60-120w),,,,,,,,,,,,,,,,,,,,,,,,,,,,,,,,,,,,,,,,,,,,
7407392971530121217,https://www.linkedin.com/feed/update/urn:li:activity:7407392971530121217,"Make your Pre Awards system work your way. With GrantsNow, you can quickly configure forms, fields, hierarchies and approval workflows without waiting on developers.

#ResearchFunding #PreAwards #ResearchManagement #GrantsNow","Make your Pre Awards system work your way. With GrantsNow, you can quickly configure forms, fields, hierarchies and appr",120,2025-12-18,Thursday,2025-12-15/2025-12-21,1,Organic,Image or text,,False,163,,4,4,0,0,4,8,0.0490797546012269,0.0245398773006134,0.0,0.0,225,28,2,4,"ResearchFunding, PreAwards, ResearchManagement, GrantsNow",0,0,0,0,none,other,Short (25-60w),,,,,,,,,,,,,,,,,,,,,,,,,,,,,,,,,,,,,,,,,,,,
7408838760735338496,https://www.linkedin.com/feed/update/urn:li:activity:7408838760735338496,"Is your university struggling with inefficiencies in pre-award processes that delay submissions?

GrantsNow can help streamline your workflows by centralising tasks like proposal submissions, compliance tracking, and budgeting. By automating these key elements, you will reduce processing time, eliminate errors, and ensure smoother collaboration between departments. This not only boosts efficiency but also increases your chances of securing more funding with less manual work involved.

#GrantsNow #PreAwardExcellence #HigherEfficiency",Is your university struggling with inefficiencies in pre-award processes that delay submissions?,96,2025-12-22,Monday,2025-12-22/2025-12-28,0,Organic,Image or text,,False,103,,1,4,0,0,4,5,0.0485436893203883,0.0097087378640776,0.0,0.0,538,68,4,3,"GrantsNow, PreAwardExcellence, HigherEfficiency",0,0,0,1,none,product_capability,Medium (60-120w),full,verified,"GrantsNow streamlines workflows by centralising tasks like proposal submissions, compliance tracking, and budgeting.",yes,"university, pre-award inefficiencies, workflows, proposal submissions, compliance tracking, budgeting, ERP integration",conversational,brand-and-you (mixed),brand awareness,none in caption,none,,yes,brand + broad - light (3 tags),image,photo + typography with response pill,"smiling businessman at laptop, professional casual",yes,yes,1.0,the ERP question + 'When GrantsNow does it for you' response pill,photographic,dark teal-tinted office with warm accent,white type + white response pill,brand-teal + white + photographic,high,photo realistic with overlay,yes,Why should you get an entire team to integrate your Pre-Award platform with your ERP?,mixed-weight bold,85.0,When GrantsNow does it for you,,GrantsNow check-mark logo TR (unusual placement - only post with just the check mark),TR check-mark only,photo hero with question and response pill - fourth ERP/18-month variant,brand awareness - ERP integration,pain_point + product_capability,"fourth ERP/integration campaign variant (SS017, SS043, SS044, SS050) + only post with just the check-mark logo (no full GrantsNow wordmark visible) + 3 hashtags (very light)",SS050,batch11,1.0,yes,,brand-teal + white + photographic
7409206915282513920,https://www.linkedin.com/feed/update/urn:li:activity:7409206915282513920,"What could 25% more grant funding opportunities mean for your institution?

GrantsNow helps universities maximise funding visibility and efficiency across the UK and beyond via:

Full end-to-end Pre-awards Management: Get proposal reports, KPIs, status of proposals, and set preferences according to your Research topics and interests.


Intelligent Configurable Dashboard: Centralised and searchable database of grants opportunities available from various sources such as UKRI Councils (UK)


Funder Opportunity Scanner: Flexibility required to adapt approval routing process to multiple groups, and configurable alerts for outstanding items


End-to-end Approval Workflow: Unlike some solutions, GrantsNow comes completely integrated with HR, payroll, and finance systems


Seamless Systems Integration: Streamline tasks with custom forms, automated approvals, collaboration tools. Centralise risk, compliance, governance, and documentation management.


Ethics and Due Diligence: Our Contracts module is designed to streamline and automate the entire lifecycle of contracts, from creation and negotiation to execution and renewal.


Contracts Module: Our Contracts module is designed to streamline and automate the entire lifecycle of contracts, from creation and negotiation to execution and renewal.


Post-Awards: Managing grants effectively involves robust post-award reporting to ensure compliance, transparency, and accountability for each project.

#GrantsNow #grantsmanagement #preawards #postawards",What could 25% more grant funding opportunities mean for your institution?,74,2025-12-23,Tuesday,2025-12-22/2025-12-28,1,Organic,Image or text,,False,116,,1,1,0,1,2,3,0.0258620689655172,0.0086206896551724,0.0086206896551724,0.0,1510,190,27,4,"GrantsNow, grantsmanagement, preawards, postawards",0,0,0,1,none,product_capability,Long (120w+),,,,,,,,,,,,,,,,,,,,,,,,,,,,,,,,,,,,,,,,,,,,
7409563532591058944,https://www.linkedin.com/feed/update/urn:li:activity:7409563532591058944,"The night before Christmas brings more than festive cheer.
This Christmas Eve, GrantsNow arrives to help you get funding for next year.

#grantsmanagement #grantsnow #research #preawards #postwards #highereducationnews",The night before Christmas brings more than festive cheer.,58,2025-12-24,Wednesday,2025-12-22/2025-12-28,1,Organic,Image or text,,False,344,,9,22,0,0,22,31,0.0901162790697674,0.0261627906976744,0.0,0.0,218,28,3,6,"grantsmanagement, grantsnow, research, preawards, postwards, highereducationnews",0,0,0,0,none,thought_leadership,Short (25-60w),,,,,,,,,,,,,,,,,,,,,,,,,,,,,,,,,,,,,,,,,,,,
7409925909564264448,https://www.linkedin.com/feed/update/urn:li:activity:7409925909564264448,"Merry Christmas from the GrantsNow team!
Sending our best wishes to our partners across higher education and everyone has supported us this year 🎄🎁❄️☃️ 

#preawards #grantsmanagement #grantsnow #postawards",Merry Christmas from the GrantsNow team!,40,2025-12-25,Thursday,2025-12-22/2025-12-28,1,Organic,Image or text,,False,290,,7,13,0,0,13,20,0.0689655172413793,0.0241379310344827,0.0,0.0,205,28,3,4,"preawards, grantsmanagement, grantsnow, postawards",0,0,4,0,none,other,Short (25-60w),top-cropped,unknown,n/a - seasonal greeting post,,"christmas, higher education, partners",conversational,brand-third-person,seasonal,none in caption,none,,no,brand + niche - all lowercase,image,seasonal photo with typography,snowy holly leaves and red berries with 'Merry Christmas' typography,no,no,0.0,the Merry Christmas serif greeting,photographic,dark green holly with white snow,white serif type + white script type,natural-seasonal (dark green + white + red),high,photo realistic with snow overlay,yes,Merry Christmas,serif italic large + script sub,15.0,From the GrantsNow Team,,GrantsNow team signature in script,centred in headline,editorial holiday card - completely off-template,seasonal - Christmas greeting,community_celebration,"first and only seasonal / holiday post in the set + first with emojis in the caption (four decorative emojis) + first serif italic type + no offer, no CTA",SS049,batch11,1.0,no,,natural-seasonal (dark green + white + red)
7412281799256592384,https://www.linkedin.com/feed/update/urn:li:activity:7412281799256592384,"Wishing everyone a happy and progressive New Year 2026! 

#NewYear2026 #GrantsNow",Wishing everyone a happy and progressive New Year 2026! ,56,2026-01-01,Thursday,2025-12-29/2026-01-04,1,Organic,Video or document,Video,False,303,114.0,23,17,0,0,17,40,0.132013201320132,0.0759075907590759,0.0,0.0,81,11,2,2,"NewYear2026, GrantsNow",0,0,0,0,none,other,Very short (<25w),,,,,,,,,,,,,,,,,,,,,,,,,,,,,,,,,,,,,,,,,,,,
7413915945481428992,https://www.linkedin.com/feed/update/urn:li:activity:7413915945481428992,"Last minute deadlines, missing documents and manually creating proposal templates is slowing down the grants funding process. GrantsNow solves this with structured proposal templates, required fields and automated prompts so submissions are completed before they reach your office.
Get in touch: https://lnkd.in/dU2Brsef

#ResearchAdmin #GrantPreparation #UniversityResearch #PreAward #GrantsNow","Last minute deadlines, missing documents and manually creating proposal templates is slowing down the grants funding pro",120,2026-01-05,Monday,2026-01-05/2026-01-11,0,Organic,Image or text,,False,128,,3,4,0,0,4,7,0.0546875,0.0234375,0.0,0.0,395,47,3,5,"ResearchAdmin, GrantPreparation, UniversityResearch, PreAward, GrantsNow",1,0,0,0,contact,product_capability,Short (25-60w),full,verified,"GrantsNow solves this with structured proposal templates, required fields and automated prompts so submissions are completed before they reach your office.",yes,"last minute deadlines, missing documents, proposal templates, required fields, automated prompts, research admin, grant preparation, pre-award",authoritative,brand-and-you (mixed),demo,end,contact,Get in touch,no,brand + niche,image,photo + all-caps typography with yellow highlighter,"hand on tablet with document icons overlay, dark teal tint",partial (hand only),no,1.0,the all-caps 'CHASING RESEARCHERS FOR MISSING DOCUMENTS?' hook + response pill,photographic,dark teal-tinted tech photo,white all-caps type + yellow highlighter on 'MISSING' + teal pill,brand-teal + accent-yellow + photographic,high,photo with heavy overlay,yes,STILL CHASING RESEARCHERS FOR MISSING DOCUMENTS?,all-caps bold with yellow highlighter on 'MISSING',48.0,GrantsNow solves exactly this problem!,Get in touch (+44) 7710 041194 | grantsnow.co.uk,GrantsNow logo TL + HM Government G-Cloud Supplier TR + contact footer strip,corners + footer contact strip,photo hero with all-caps hook and yellow highlighter accent,demo - proposal templates,pain_point + product_capability,sixth all-caps headline + yellow highlighter on a single word (like SS026 SS027 SS031 SS043) + question-plus-response pill pairing,SS048,batch11,1.0,no,,brand-teal + accent-yellow + photographic
7414636968992686080,https://www.linkedin.com/feed/update/urn:li:activity:7414636968992686080,"GrantsNow’s Funder Opportunity Scanner automates this process and highlights matched calls based on your research strengths. A first in UK higher education.
Get in touch: https://lnkd.in/dU2Brsef

#FundingCalls #ResearchSupport #GrantOpportunities #HigherEdUK #GrantsNow",GrantsNow’s Funder Opportunity Scanner automates this process and highlights matched calls based on your research streng,120,2026-01-07,Wednesday,2026-01-05/2026-01-11,1,Organic,Image or text,,False,119,,8,5,0,0,5,13,0.1092436974789916,0.0672268907563025,0.0,0.0,270,31,3,5,"FundingCalls, ResearchSupport, GrantOpportunities, HigherEdUK, GrantsNow",1,0,0,0,contact,product_capability,Short (25-60w),full,verified,GrantsNow's Funder Opportunity Scanner highlights matched calls based on your research strengths - a first in UK higher education.,yes,"funder opportunity scanner, matched calls, research strengths, UK higher education, funding calls, research support, grant opportunities",authoritative,brand-third-person,demo,end,contact,Get in touch,no,brand + niche,image,photo + all-caps typography,"hand pointing at screen with blurred data/charts, dark teal overlay",partial (hand only),no,1.0,the all-caps 'WHY IS FINDING FUNDING STILL A MANUAL TASK?' hook,photographic,dark teal-tinted office,white all-caps type + gold divider,brand-teal + gold + photographic,high,photo with heavy overlay,yes,WHY IS FINDING FUNDING STILL A MANUAL TASK?,all-caps bold,43.0,Research offices spend hours searching for opportunities across multiple sites.,Get in touch (+44) 7710 041194 | grantsnow.co.uk,GrantsNow logo TL + HM Government G-Cloud Supplier TR + contact footer strip,corners + footer contact strip,photo hero with all-caps question hook,demo - Funder Opportunity Scanner,pain_point + product_capability,fifth all-caps headline in the set + 'A first in UK higher education' positioning claim in the caption (rarely used exclusivity language),SS047,batch11,1.0,no,,brand-teal + gold + photographic
7416836939351486466,https://www.linkedin.com/feed/update/urn:li:activity:7416836939351486466,"We know the options for Pre- and Post-Awards Management software are limited, especially when most are built on technology that’s nearly a decade old. GrantsNow is different. As a true SaaS solution, it comes with modern, pre-built integrations for ERP, Finance, and HR systems, bringing unmatched efficiency and innovation.

Get in touch: https://lnkd.in/dU2Brsef 

#grantsnow #grantsmanagement #preawards #postawards #SaaS","We know the options for Pre- and Post-Awards Management software are limited, especially when most are built on technolo",120,2026-01-13,Tuesday,2026-01-12/2026-01-18,1,Organic,Image or text,,False,155,,3,8,0,0,8,11,0.0709677419354838,0.0193548387096774,0.0,0.0,424,58,4,5,"grantsnow, grantsmanagement, preawards, postawards, SaaS",1,0,0,0,contact,other,Short (25-60w),full,verified,"GrantsNow is a true SaaS solution with modern, pre-built integrations for ERP, Finance, and HR systems.",yes,"pre-awards, post-awards management, decade-old tech, true SaaS, pre-built integrations, ERP, finance, HR systems",conversational,brand-and-you (mixed),demo,end,contact,Get in touch,yes,brand + niche - all lowercase,image,portrait photo + typography on light background,"woman sitting cross-legged with laptop, smiling (soft mono/desaturated) on cream background",yes,yes (smiling),1.0,the punchline 'Think Again.' + the smiling person,solid,cream-white with subtle wave motif,dark teal type + gold star accent + soft photo,brand-teal + gold + cream,medium,flat cream with soft-focus portrait,yes,Still investing time and money into decade-old Pre-awards tech?,sentence-case mixed-weight with 'decade-old' emphasised,63.0,Think Again.,Get in touch (+44) 7710 041194 | grantsnow.co.uk,GrantsNow logo TL + HM Government G-Cloud Supplier TR + contact footer strip,corners + footer contact strip,light editorial - cream background with soft portrait and two-word close,demo - decade-old tech callout,pain_point + product_capability,first cream-background portrait (rest use dark-teal overlays) + 'Think Again.' two-word punchline close + gold star as micro-accent (new element) || IDENTICAL CAPTION AND VISUAL AS SS046. Eleventh byte-identical duplicate in the set.,"SS046, SS075","batch10, batch15",2.0,yes,,brand-teal + gold + cream
7417192547816710144,https://www.linkedin.com/feed/update/urn:li:activity:7417192547816710144,"We all know the feeling, finding the right funding opportunity can feel like searching for a needle in a haystack. Institutions have waited a long time for smarter alerts, in depth filtering, and the ability to pinpoint specific grants that align with their goals, so they can spend more time innovating and less time searching for funding.

📰 The good news? 

Institutions are already able to access a 25% increase in funding opportunities using the Funder Opportunity Scanner tool found on GrantsNow's highly intuitive platform, taking searching for funding opportunities from a highly manual, time-consuming process to a quick accurate search.

❓Why this matters:

In today’s competitive funding landscape, being first to know about the right opportunity can make all the difference. Our centralised, AI-enhanced solution, continuously scans UK, EU, and global funding landscapes and delivers relevant opportunities straight to you. No endless searches. No manual processes. Just smarter discovery and more opportunity.

💎 Features:

Smart Search by Your Priorities:
Filter funding calls by keyword, discipline, career stage, funder, award type, closing date, and more, so you only see what truly matters to you.

AI-Powered Alerts:
Receive instant, personalised alerts for new funding opportunities based on your interests and expertise. 

Funding News & Policy Updates:
Stay ahead of the curve with curated news and key funding policy developments from major funders.

Collaborate and Share:
Spot an ideal opportunity? Share it seamlessly with colleagues or teams to get a head start on Grants applications.

Automatic Template Magic:
Funding call data is automatically converted into funder templates, saving valuable time and helping you move toward submission faster.

💡 Who’s Already on the Platform?:

The Scanner covers a wide range of leading funders, including UK Research and Innovation (UKRI), Horizon Europe, NIH, Wellcome Trust, Cancer Research UK, and global organisations such as the Bill & Melinda Gates Foundation, so you never miss a great match.

🧠 Final Thoughts:

If you’re serious about unlocking the right funding faster and smarter, more and more universities are finding Funder Opportunity Scanner a great advantage. 

#ResearchInnovation #GrantsNow #AI #GrantFunding #HigherEd #Education #Grants","We all know the feeling, finding the right funding opportunity can feel like searching for a needle in a haystack. Insti",120,2026-01-14,Wednesday,2026-01-12/2026-01-18,1,Organic,Image or text,,False,555,,27,20,2,2,24,51,0.0918918918918919,0.0486486486486486,0.0036036036036036,0.0036036036036036,2325,345,35,7,"ResearchInnovation, GrantsNow, AI, GrantFunding, HigherEd, Education, Grants",0,0,5,1,none,product_capability,Long (120w+),top-cropped,inferred,Institutions are already able to access a 25% increase in funding opportunities using the Funder Opportunity Scanner on GrantsNow's platform.,yes,"funding opportunity, needle in a haystack, smarter alerts, funder opportunity scanner, UKRI, Horizon Europe, NIH, Wellcome Trust, Cancer Research UK, Bill & Melinda Gates Foundation, AI, higher education",authoritative,brand-third-person,article,throughout (sectioned),none,,yes,brand + broad - heavy (7 tags),image,illustrated card preview with product headline,illustration of people with computers + product claim card + partner logos + arrow,yes (illustrated),yes (illustrated),2.0,the 25% claim card with partner co-brand row,solid,dark teal card + cream area,teal type + white illustration + orange accent + partner logos,brand-teal + gold + illustrated,high,flat illustration with product card,yes,Increase your Grants Funding opportunities by 25%,sentence-case mixed-weight,50.0,With the Funder Opportunity Scanner,,GrantsNow logo + UNIT4 Partner + Oracle Partner (visible on the card),top + partner co-brand row,long-form article carousel/preview - longest caption in the set,article - Funder Opportunity Scanner deep-dive,thought_leadership + product_capability,"longest caption by an order of magnitude + 🎯 target emoji as section headers (new device) + specific funder names (UKRI, Horizon Europe, NIH, Wellcome Trust, Cancer Research UK, Bill & Melinda Gates Foundation) - highest specificity in the set + first article-style long-form treatment",SS045,batch10,1.0,yes,,brand-teal + gold + illustrated
7417581396816359424,https://www.linkedin.com/feed/update/urn:li:activity:7417581396816359424,"Many universities wait over a year for their Pre Award system to connect with finance and HR platforms. GrantsNow delivers clean, pre built integrations with Oracle cloud so you can go live in less than half the time faster. Get in touch: https://lnkd.in/dU2Brsef

#University #ResearchManagement #GrantsNow",Many universities wait over a year for their Pre Award system to connect with finance and HR platforms. GrantsNow delive,120,2026-01-15,Thursday,2026-01-12/2026-01-18,1,Organic,Image or text,,False,361,,15,12,0,1,13,28,0.077562326869806,0.0415512465373961,0.002770083102493,0.0,307,46,2,3,"University, ResearchManagement, GrantsNow",1,0,0,0,contact,community_celebration,Short (25-60w),,,,,,,,,,,,,,,,,,,,,,,,,,,,,,,,,,,,,,,,,,,,
7419016802879381504,https://www.linkedin.com/feed/update/urn:li:activity:7419016802879381504,"ERP integrations should not take 18 months. GrantsNow delivers faster, seamless connectivity so your team can focus on winning more funding, not waiting on integrations.

#GrantsNow #PreAwards #ERPIntegration #ResearchFunding #HigherEducation","ERP integrations should not take 18 months. GrantsNow delivers faster, seamless connectivity so your team can focus on w",120,2026-01-19,Monday,2026-01-19/2026-01-25,0,Organic,Image or text,,False,124,,2,5,0,0,5,7,0.0564516129032258,0.0161290322580645,0.0,0.0,242,30,2,5,"GrantsNow, PreAwards, ERPIntegration, ResearchFunding, HigherEducation",0,0,0,0,none,community_celebration,Short (25-60w),full,verified,"GrantsNow delivers faster, seamless connectivity so your team can focus on winning more funding, not waiting on integrations.",yes,"ERP integrations, 18 months, seamless connectivity, winning funding, pre-awards, higher education",authoritative,brand-third-person,demo,none in caption,none,,no,brand + niche,image,portrait photo + typography with inner speech bubble,"frustrated businessman with head resting on hand, office in background",yes,yes (expressive),1.0,the frustrated portrait + '18 months' highlight + inner monologue speech bubble,photographic,dark teal-tinted office,white type + yellow highlighter on '18 months' + cream speech-bubble,brand-teal + accent-yellow + photographic,high,photo realistic with overlay,yes,Should it really take 18 months to build the ERP integrations to my Pre-Awards Platform?,mixed-weight bold with yellow highlighter on '18 months',89.0,Wish I'd known about GrantsNow sooner,Get in touch (+44) 7710 041194 | grantsnow.co.uk,GrantsNow logo TL + HM Government G-Cloud Supplier TR + contact footer strip,corners + footer contact strip,character-driven portrait with inner monologue speech-bubble - most emotional creative in the set,demo - ERP integration speed,pain_point + product_capability,"first single-person portrait with clear emotional expression (frustration) + first inner-monologue speech bubble ('Wish I'd known...') + yellow highlighter on the stat. This is the '18 months' theme that also drives SS017/SS044 MotoGP creatives - three variants of the same claim now. || IDENTICAL CAPTION, HEADLINE, URL AND VISUAL AS SS043. Seventh byte-identical duplicate in the set. The '18 months integration' theme now has SS017, SS043, SS044, SS062 - four rows, three unique creatives (MotoGP twice + frustrated exec twice).","SS043, SS062","batch10, batch13",2.0,yes,,brand-teal + accent-yellow + photographic
7419379195031588864,https://www.linkedin.com/feed/update/urn:li:activity:7419379195031588864,"Universities are uncovering significantly more funding opportunities by using a single platform that brings searchable global grant databases, custom alerts, and automation together. Want to find out how they’re doing it?

#GrantsNow #GrantsManagement #ResearchFunding #PreAwards #HigherEducation #FundingOpportunities",Universities are uncovering significantly more funding opportunities by using a single platform that brings searchable g,120,2026-01-20,Tuesday,2026-01-19/2026-01-25,1,Organic,Image or text,,False,155,,2,5,0,1,6,8,0.0516129032258064,0.0129032258064516,0.0064516129032258,0.0,318,37,2,6,"GrantsNow, GrantsManagement, ResearchFunding, PreAwards, HigherEducation, FundingOpportunities",0,0,0,1,learn_more,product_capability,Short (25-60w),full,unknown,"A single platform that brings searchable global grant databases, custom alerts, and automation together.",yes,"universities, funding opportunities, global grant databases, custom alerts, automation, funding opportunities, higher education",conversational,brand-and-you (mixed),brand awareness,none in caption,none,,yes,brand + broad,image,photo + all-caps typography,"classroom/lecture scene with presenter and students, dark teal overlay",yes,partial (multiple),4.0,the all-caps '25%+ INCREASE' claim + question prompt,photographic,dark teal-tinted lecture hall,white all-caps type + bold 'how' accent + downward arrow,brand-teal + white + photographic,high,photo with heavy overlay,yes,UNIVERSITIES ARE FINDING A 25%+ INCREASE IN GRANTS FUNDING OPPORTUNITIES,all-caps bold,71.0,? Want to know how?,downward arrow indicator (no URL),GrantsNow logo TL + HM Government G-Cloud Supplier TR,corners (no footer strip),photo hero with all-caps stat and interactive question prompt,brand awareness - 25% funding lift,product_capability,"fourth all-caps headline in the set + third 25% stat (SS013 SS036 SS045) + '? Want to know how?' prompt with arrow (invites reply / next-post continuation) || IDENTICAL CAPTION, HEADLINE AND VISUAL AS SS042. Eighth byte-identical duplicate in the set.","SS042, SS065","batch10, batch13",2.0,yes,,brand-teal + white + photographic
7419729250968043521,https://www.linkedin.com/feed/update/urn:li:activity:7419729250968043521,"Most systems stop at submission, leaving teams to track awards manually. GrantsNow connects Pre Award to Post Award so you have visibility from idea to outcome.
Get in touch: https://lnkd.in/dU2Brsef

#GrantLifecycle #PostAward #ResearchManagement #GrantsNow","Most systems stop at submission, leaving teams to track awards manually. GrantsNow connects Pre Award to Post Award so y",120,2026-01-21,Wednesday,2026-01-19/2026-01-25,1,Organic,Image or text,,False,178,,4,10,0,0,10,14,0.0786516853932584,0.0224719101123595,0.0,0.0,258,34,3,4,"GrantLifecycle, PostAward, ResearchManagement, GrantsNow",1,0,0,0,contact,community_celebration,Short (25-60w),,,,,,,,,,,,,,,,,,,,,,,,,,,,,,,,,,,,,,,,,,,,
7420098683402186752,https://www.linkedin.com/feed/update/urn:li:activity:7420098683402186752,"GrantsNow syncs data in real time, giving research offices and leadership instant visibility into proposal status, deadlines and workload. No more stale reports or outdated spreadsheets. Get in touch: https://lnkd.in/dU2Brsef

#ResearchData #RealTimeUpdates #UniversitySystems #GrantsNow","GrantsNow syncs data in real time, giving research offices and leadership instant visibility into proposal status, deadl",120,2026-01-22,Thursday,2026-01-19/2026-01-25,1,Organic,Image or text,,False,190,,3,8,0,1,9,12,0.0631578947368421,0.0157894736842105,0.0052631578947368,0.0,287,34,2,4,"ResearchData, RealTimeUpdates, UniversitySystems, GrantsNow",1,0,0,0,contact,thought_leadership,Short (25-60w),,,,,,,,,,,,,,,,,,,,,,,,,,,,,,,,,,,,,,,,,,,,
7421910848685785089,https://www.linkedin.com/feed/update/urn:li:activity:7421910848685785089,"Universities require visibility into their research funding activity in order to make informed decisions. GrantsNow offers intelligent and configurable dashboards and reporting, providing research offices with real-time visibility into the entire Pre-Awards process.

Universities using GrantsNow benefit from:
• Real-time dashboards that display submissions, approvals, workloads, and pipelines
• Configurable views that cater to different roles and responsibilities
• Accurate data that is extracted from live grant and costing information
• Clear reporting that enables planning, performance, and compliance

This enables better decision-making, improved transparency, and enhanced oversight of research funding activity.

#GrantsNow #ResearchFunding #PreAwards #GrantsManagement #HigherEducation #ResearchOffice",Universities require visibility into their research funding activity in order to make informed decisions. GrantsNow offe,120,2026-01-27,Tuesday,2026-01-26/2026-02-01,1,Organic,Image or text,,False,265,,4,11,1,0,12,16,0.060377358490566,0.0150943396226415,0.0,0.0037735849056603,815,98,10,6,"GrantsNow, ResearchFunding, PreAwards, GrantsManagement, HigherEducation, ResearchOffice",0,0,0,0,none,thought_leadership,Medium (60-120w),full,verified,"GrantsNow offers configurable dashboards and reporting, providing research offices with real-time visibility into the entire Pre-Awards process.",yes,"universities, research funding, informed decisions, dashboards, reporting, submissions, approvals, workloads, pipelines, compliance",authoritative,brand-third-person,brand awareness,none in caption,none,,no,brand + niche,image,photo + typography with partner logos + laptop mockup,dark teal-tinted photo of person working at desk with laptop mockup partially shown,yes (background),no (blurred),1.0,the everything-in-one-dashboard claim + partner logos as credibility,photographic,dark teal-tinted office scene,white type + gold divider + partner logos,brand-teal + gold + photographic,high,photo realistic with darkened tint,yes,Everything from funding opportunities to KPIs in one dashboard.,sentence-case mixed-weight,62.0,GrantsNow makes it simpler,Get in touch (+44) 7710 041194 | grantsnow.co.uk,GrantsNow logo TL + HM Government G-Cloud Supplier TR + contact footer strip + UNIT4 Partner + Oracle Partner logos BR,corners + footer contact strip + partner co-brand row,photo hero with partner logos - most badge-heavy poster in the set,brand awareness - unified dashboard,product_capability,"first caption using • bullets (rest used ✓) + longest structured caption yet (7 sentences) + second post with UNIT4 + Oracle partner logos (SS017 was the first, a MotoGP creative)",SS039,batch9,1.0,no,,brand-teal + gold + photographic
7422617892359200768,https://www.linkedin.com/feed/update/urn:li:activity:7422617892359200768,"Researchers, approvers, and administrators can all work within the same platform. GrantsNow enables all conversations, feedback, and changes to documents to be centralised so that no step is missed in an email trail.
Contact us: https://lnkd.in/dU2Brsef

#Collaboration #ResearchSupport #AcademicWorkflows #GrantsNow","Researchers, approvers, and administrators can all work within the same platform. GrantsNow enables all conversations, f",120,2026-01-29,Thursday,2026-01-26/2026-02-01,1,Organic,Image or text,,False,170,,5,11,0,0,11,16,0.0941176470588235,0.0294117647058823,0.0,0.0,316,40,3,4,"Collaboration, ResearchSupport, AcademicWorkflows, GrantsNow",1,0,0,0,contact,pain_point,Short (25-60w),full,verified,"GrantsNow enables all conversations, feedback, and changes to documents to be centralised so no step is missed in an email trail.",yes,"researchers, approvers, administrators, centralised, conversations, feedback, email trail, collaboration, academic workflows",authoritative,brand-third-person,demo,end,contact,Contact,no,brand + niche,image,desaturated photo + cream card overlay,black-and-white team meeting photo (5-6 people around a laptop) with cream card and speech-bubble icon,yes,"yes (multiple, partial)",6.0,the collaboration claim + teal speech-bubble icon,photographic,black and white team meeting,cream card + orange border + teal type + teal speech bubble,black-and-white + brand-teal + cream,high,desaturated photo with flat card overlay,yes,Experience Seamless collaboration for every proposal with GrantsNow!,mixed-weight bold with 'Seamless collaboration' emphasised,68.0,,Get in touch (+44) 7710 041194 | grantsnow.co.uk,GrantsNow logo TL + HM Government G-Cloud Supplier TR + contact footer strip,corners + footer contact strip,desaturated team photo with cream card - editorial magazine feel,demo - collaboration,product_capability,first fully desaturated / black-and-white photo treatment + speech-bubble accent icon (new visual element),SS038,batch9,1.0,yes,,black-and-white + brand-teal + cream
7424389603496931330,https://www.linkedin.com/feed/update/urn:li:activity:7424389603496931330,,,0,2026-02-03,Tuesday,2026-02-02/2026-02-08,1,Organic,Article,Article,True,277,152.0,14,9,0,0,9,23,0.0830324909747292,0.0505415162454873,0.0,0.0,0,0,0,0,,0,0,0,0,none,other,Very short (<25w),,,,,,,,,,,,,,,,,,,,,,,,,,,,,,,,,,,,,,,,,,,,
7424446702406889472,https://www.linkedin.com/feed/update/urn:li:activity:7424446702406889472,"Legacy Pre-Awards technology can quietly slow research teams down and limit funding success. Our latest blog explores why universities are rethinking their grants systems. Read more: https://lnkd.in/daG7f5zk

#GrantsNow #LegacySoftware #GrantsManagement #PreAwards #Funding #Grants",Legacy Pre-Awards technology can quietly slow research teams down and limit funding success. Our latest blog explores wh,120,2026-02-03,Tuesday,2026-02-02/2026-02-08,1,Organic,Image or text,,False,167,,11,7,0,0,7,18,0.1077844311377245,0.0658682634730539,0.0,0.0,281,33,2,6,"GrantsNow, LegacySoftware, GrantsManagement, PreAwards, Funding, Grants",1,0,0,0,read,thought_leadership,Short (25-60w),full,verified,Our latest blog explores why universities are rethinking their grants systems.,yes,"legacy pre-awards technology, research teams, funding success, universities, grants systems, legacy software",authoritative,brand-third-person,blog,end,read,Read,no,brand + broad,image,typography on dark gradient with bracketed CTA button,dark teal gradient with subtle wave lines and question headline,no,no,0.0,the question headline + bracketed 'Read our blog' button,gradient,dark teal with subtle green wave,white type with 'Real Impact' emphasised,brand-teal (dark) + white,high,flat gradient with subtle wave line motif,yes,What's the Real Impact of Legacy Pre-Awards Software on Universities?,mixed-weight bold with 'Real Impact' in heavier weight,69.0,[Read our blog to know more],Link in description + Get in touch (+44) 7710 041194 | grantsnow.co.uk,GrantsNow logo TL + HM Government G-Cloud Supplier TR + contact footer strip,corners + footer contact strip,typography-only dark poster with bracketed CTA treatment,blog - legacy pre-awards impact,thought_leadership + pain_point,new blog URL (daG7f5zk - different from the eqK3_-vN blog used by SS026/SS027/SS031) + first bracketed '[Read our blog to know more]' treatment + Link in description signal,SS037,batch9,1.0,no,,brand-teal (dark) + white
7425109299497984000,https://www.linkedin.com/feed/update/urn:li:activity:7425109299497984000,"Unlock more funding opportunities with less effort. Want to know how? Set up a demo - https://lnkd.in/dU2Brsef

#GrantsNow #Funding #GrantsManagement",Unlock more funding opportunities with less effort. Want to know how? Set up a demo - https://lnkd.in/dU2Brsef,110,2026-02-05,Thursday,2026-02-02/2026-02-08,1,Organic,Image or text,,False,159,,3,5,0,1,6,9,0.0566037735849056,0.0188679245283018,0.0062893081761006,0.0,149,20,2,3,"GrantsNow, Funding, GrantsManagement",1,0,0,1,none,other,Very short (<25w),full,verified,Increase your grant funding opportunities by 25% with the Funder Opportunity Scanner.,yes,"funding opportunities, funder opportunity scanner, grants management, grant funding",conversational,brand-and-you (mixed),demo,end,book_demo,Set up,yes,brand + broad,image,typography on dark gradient,dark teal gradient with subtle wave lines and headline stat,no,no,0.0,the 25% stat inside the headline,gradient,dark teal to green,white type,brand-teal (dark) + white,high,flat gradient with wave line motif,yes,Increase your grant funding opportunities by 25% with the Funder Opportunity Scanner,mixed-weight (numbers not visually enlarged),88.0,Don't believe it?,Get in touch (+44) 7710 041194 | grantsnow.co.uk,GrantsNow logo TL + HM Government G-Cloud Supplier TR + contact footer strip,corners + footer contact strip,typography-only dark poster with stat as hook,demo - funder opportunity scanner,product_capability,"first stat-based hook (25%) + provocative 'Don't believe it?' closer - most distinctive tone in the set || IDENTICAL CAPTION, HEADLINE, URL AND VISUAL AS SS013. Either a genuine repost by the page or a re-upload in this batch. If a repost, this is direct data on whether reposts move numbers.","SS013, SS036","batch3, batch8",2.0,no,,brand-teal (dark) + white
7426626233469231104,https://www.linkedin.com/feed/update/urn:li:activity:7426626233469231104,"Every role in the research office sees what matters most. GrantsNow’s configurable dashboards highlight tasks, deadlines and priorities so teams stay aligned without chasing information. Get in touch: https://lnkd.in/dU2Brsef

#ResearchOffice #Workflows #HigherEducation #GrantsNow","Every role in the research office sees what matters most. GrantsNow’s configurable dashboards highlight tasks, deadlines",120,2026-02-09,Monday,2026-02-09/2026-02-15,0,Organic,Image or text,,False,253,,12,10,0,0,10,22,0.0869565217391304,0.0474308300395256,0.0,0.0,281,33,2,4,"ResearchOffice, Workflows, HigherEducation, GrantsNow",1,0,0,0,contact,thought_leadership,Short (25-60w),full,verified,"GrantsNow's configurable dashboards highlight tasks, deadlines and priorities so teams stay aligned without chasing information.",yes,"research office, dashboards, tasks, deadlines, priorities, workflows, higher education",authoritative,brand-third-person,demo,end,contact,Get in touch,no,brand + niche,image,photo + product screenshot mockup,dark teal background with realistic laptop showing the GrantsNow dashboard UI,no,no,0.0,the actual product screenshot in the laptop,solid,dark teal,"white type + product screenshot (charts, KPIs)",brand-teal + product-screenshot colours,high,flat solid with realistic laptop render,yes,A dashboard that works the way your team works.,sentence-case mixed-weight,48.0,,Get in touch (+44) 7710 041194 | grantsnow.co.uk,GrantsNow logo top + contact footer strip,top + footer contact strip,product hero - laptop showing actual dashboard UI,demo - dashboards,product_capability,"first product screenshot in the entire set (real UI shown, not a stylised card) - biggest signal of what the software actually does",SS035,batch8,1.0,no,,brand-teal + product-screenshot colours
7428062420943826945,https://www.linkedin.com/feed/update/urn:li:activity:7428062420943826945,"Universities often struggle with costing consistency across faculties. GrantsNow uses a flexible, TRAC compatible engine that supports multiple scenarios and institution specific rules. Get in touch: https://lnkd.in/dU2Brsef

#ResearchFinance #Costings #TRAC #GrantsNow","Universities often struggle with costing consistency across faculties. GrantsNow uses a flexible, TRAC compatible engine",120,2026-02-13,Friday,2026-02-09/2026-02-15,0,Organic,Image or text,,False,136,,1,6,0,0,6,7,0.0514705882352941,0.0073529411764705,0.0,0.0,269,31,2,4,"ResearchFinance, Costings, TRAC, GrantsNow",1,0,0,0,contact,other,Short (25-60w),full,verified,"GrantsNow uses a flexible, TRAC compatible engine that supports multiple scenarios and institution specific rules.",yes,"universities, costing consistency, faculties, TRAC compatible, scenarios, research finance",authoritative,brand-third-person,demo,end,contact,Get in touch,no,brand + niche (very focused),image,photo + teal card overlay,close-up hands writing on paper with pen and calculator,partial (hands only),no,1.0,the costing engine claim + gold divider line under the headline,photographic,dark teal-tinted desk photo,white type + gold line divider,brand-teal + gold + photographic,high,photo realistic with darkened tint,yes,A unified costing engine for consistent proposals.,sentence-case mixed-weight,50.0,Unlock Smarter Grants Management with GrantsNow,Get in touch (+44) 7710 041194 | grantsnow.co.uk,GrantsNow logo TL + HM Government G-Cloud Supplier TR + contact footer strip,corners + footer contact strip,photo hero with statement headline and gold divider accent,demo - unified costing,product_capability,"first gold-line divider between headline and sub + tightest hashtag focus (4 finance-specific tags: TRAC, Costings, ResearchFinance, GrantsNow)",SS034,batch8,1.0,no,,brand-teal + gold + photographic
7432091994195177472,https://www.linkedin.com/feed/update/urn:li:activity:7432091994195177472,"With GrantsNow, you can assign responsibilities, control access, and ensure data security within a fully configurable and user-friendly platform built for research offices.

Learn more: https://lnkd.in/dU2Brsef 

#GrantsNow #GrantsManagement #PreAwards #ResearchFunding #DataSecurity #Compliance #HigherEducation","With GrantsNow, you can assign responsibilities, control access, and ensure data security within a fully configurable an",120,2026-02-24,Tuesday,2026-02-23/2026-03-01,1,Organic,Image or text,,False,292,,10,18,0,0,18,28,0.0958904109589041,0.0342465753424657,0.0,0.0,312,33,4,7,"GrantsNow, GrantsManagement, PreAwards, ResearchFunding, DataSecurity, Compliance, HigherEducation",1,0,0,0,learn_more,thought_leadership,Short (25-60w),full,verified,"With GrantsNow, you can assign responsibilities, control access, and ensure data security in a fully configurable platform for research offices.",yes,"roles, permissions, responsibilities, access control, data security, configurable, research offices, pre-awards, compliance, higher education",conversational,brand-and-you (mixed),demo,end,learn_more,Learn,no,brand + niche - heavy (7 tags),image,typography on light gradient,cream-to-mint gradient with cream card and 'Imagine being able to...' headline,no,no,0.0,the imagined-outcome card + 'With GrantsNow you can!' pill response,gradient,cream to mint (light),cream card + orange rounded border + teal type + teal pill,brand-teal + gold + cream,medium,flat gradient with subtle wave lines,yes,Imagine being able to define roles and permissions in your Pre-Awards system.,sentence-case mixed-weight,77.0,With GrantsNow you can!,,GrantsNow logo TL + HM Government G-Cloud Supplier TR,corners (no footer strip),no-photo poster - cream card with question setup and cheeky response pill,demo - roles and permissions,product_capability,"first 'Imagine being able to...' hypothetical opener + no photo, no footer strip - lightest visual treatment in the set || IDENTICAL CAPTION AND VISUAL AS SS033. Tenth byte-identical duplicate in the set.","SS033, SS069","batch14, batch8",2.0,no,,brand-teal + gold + cream
7433156490762547200,https://www.linkedin.com/feed/update/urn:li:activity:7433156490762547200,"The wrong Pre-Awards platform means hidden costs, manual updates, delays, and a higher total cost of ownership. GrantsNow’s TRUE SaaS solution gives you full control, instant upgrades, and zero hidden fees. Read the blog to know how: https://lnkd.in/eqK3_-vN 

#grantsmanagement #armauk #grantsnow #preawards #research","The wrong Pre-Awards platform means hidden costs, manual updates, delays, and a higher total cost of ownership. GrantsNo",120,2026-02-27,Friday,2026-02-23/2026-03-01,0,Organic,Image or text,,False,122,,4,8,0,0,8,12,0.0983606557377049,0.0327868852459016,0.0,0.0,318,43,2,5,"grantsmanagement, armauk, grantsnow, preawards, research",1,0,0,0,read,pain_point,Short (25-60w),,,,,,,,,,,,,,,,,,,,,,,,,,,,,,,,,,,,,,,,,,,,
7433156492133896193,https://www.linkedin.com/feed/update/urn:li:activity:7433156492133896193,"GrantsNow is empowering research teams to work smarter, not harder. Discover why UK institutions are opting for a platform designed for outcomes, not workarounds. Get in touch: https://lnkd.in/dU2Brsef

#GrantsNow #PreAwardSoftware #ResearchManagement #HigherEdTech #TrueSaaS #UKUniversities","GrantsNow is empowering research teams to work smarter, not harder. Discover why UK institutions are opting for a platfo",120,2026-02-27,Friday,2026-02-23/2026-03-01,0,Organic,Image or text,,False,148,,4,9,0,0,9,13,0.0878378378378378,0.027027027027027,0.0,0.0,291,34,2,6,"GrantsNow, PreAwardSoftware, ResearchManagement, HigherEdTech, TrueSaaS, UKUniversities",1,0,0,0,contact,thought_leadership,Short (25-60w),full,verified,"GrantsNow is a platform designed for outcomes, not workarounds - real-time KPI reporting, self-configurable, lower cost with more opportunities.",yes,"research teams, UK institutions, pre-award software, higher ed tech, TRUE SaaS, UK universities, KPI reporting, funder templates",authoritative,brand-third-person,demo,end,contact,Get in touch,no,brand + niche,image,photo + 3-column benefit cards,dark teal-tinted architectural photo with 3 numbered benefit cards,no,no,0.0,"the three numbered benefit cards (1 analytics, 2 self-configurable, 3 lower cost)",photographic,dark teal-tinted architectural blur,white type + yellow circle numbers + teal cards,brand-teal + gold + photographic,high,photo with heavy overlay + flat cards,yes,Ready to experience the GrantsNow Treatment?,mixed-weight bold,44.0,"1 Real time analytics for KPI reporting | 2 Completely self configurable for funder templates, approval routes etc | 3 Lower cost but more Grants opportunities | The fastest-growing True SaaS cloud pre-award platform in the UK",Get in touch (+44) 7710 041194 | grantsnow.co.uk,GrantsNow logo top-centre + contact footer strip + fastest-growing claim,top-centre (not corner) + footer contact strip,3-column benefit poster with question hook,demo - GrantsNow Treatment,product_capability + thought_leadership,"first 3-column numbered benefit card layout + fastest-growing True SaaS UK claim + GrantsNow logo placed top-centre rather than top-left (only post with this branding position) || SAME CAPTION AS SS032 but visually the opposite - SS032 was architectural photo with a 3-column question card, SS057 is a portrait cut-out with scattered stat cards. Direct visual A/B on the same words. Also uses same three stats (25%, 35%, fastest-growing) as SS032 sub-list. || IDENTICAL CAPTION AND VISUAL AS SS032. Thirteenth byte-identical duplicate. Same caption also appears with a different creative as SS057 (portrait cut-out).","SS032, SS057, SS085","batch12, batch18, batch8",3.0,no,,brand-teal + gold + photographic
7434243645479903232,https://www.linkedin.com/feed/update/urn:li:activity:7434243645479903232,"Managing integrations, reports, and configurations in-house can drain valuable time and resources. With GrantsNow, you don’t have to. Our team of 250+ consultants ensures seamless integration and customisation, so you can focus on what truly matters.

#HigherEdTech #GrantsNow #GrantManagement #Automation #Efficiency #SeamlessIntegration","Managing integrations, reports, and configurations in-house can drain valuable time and resources. With GrantsNow, you d",120,2026-03-02,Monday,2026-03-02/2026-03-08,0,Organic,Image or text,,False,151,,2,9,0,0,9,11,0.0728476821192053,0.0132450331125827,0.0,0.0,338,42,2,6,"HigherEdTech, GrantsNow, GrantManagement, Automation, Efficiency, SeamlessIntegration",0,0,0,0,none,product_capability,Short (25-60w),full,verified,Our team of 250+ consultants ensures seamless integration and customisation so you can focus on what truly matters.,yes,"integrations, reports, configurations, 250+ consultants, seamless integration, customisation, higher ed tech, automation",conversational,brand-and-you (mixed),demo,end,contact,Get in touch,no,brand + niche,image,photo + teal card overlay,business meeting - 5 to 6 people around a table with one standing presenter,yes,"yes (multiple, partial)",6.0,the IT team question + presenter in background,photographic,muted warm neutral office,teal card + cream border + white type with 'IT team' in bold accent,brand-teal + cream + photographic,high,photo realistic with subtle overlay,yes,"Is your IT team burdened with integrations, reports, and configurations?",mixed-weight bold with 'IT team' in heavier weight,71.0,"With GrantsNow, they don't have to.",Get in touch (+44) 7710 041194 | grantsnow.co.uk,GrantsNow logo TL + HM Government G-Cloud Supplier TR + contact footer strip,corners + footer contact strip,photo hero with centred teal card - IT-team specific target,demo - IT team burden,pain_point + product_capability,"explicit stat in caption '250+ consultants' + first post specifically targeting the IT team persona rather than the research office || SAME CAPTION AS SS030 but the creative is completely different - SS030 was a photo of six people in a meeting, SS052 is a snowflake typography poster. Same message, two very different visual worlds. This is the strongest signal in the set for testing whether the visual template alone changes performance when everything textual is held constant. || IDENTICAL CAPTION AND VISUAL AS SS030. Sixteenth byte-identical duplicate in the set. Same caption also appears with a different creative as SS052 (dark snowflake typography variant).","SS030, SS052, SS089","batch11, batch19, batch7",3.0,yes,,brand-teal + cream + photographic
7435338397323382785,https://www.linkedin.com/feed/update/urn:li:activity:7435338397323382785,"Unlock more opportunities for grants income without needing extra budget! With GrantsNow, you have multiple tools at your disposal to streamline Pre-Awards, enhance team performance, and get your organisation the funding it deserves.","Unlock more opportunities for grants income without needing extra budget! With GrantsNow, you have multiple tools at you",120,2026-03-05,Thursday,2026-03-02/2026-03-08,1,Organic,Image or text,,False,88,,1,4,0,0,4,5,0.0568181818181818,0.0113636363636363,0.0,0.0,233,33,0,0,,0,0,0,0,none,other,Short (25-60w),bottom-cropped,unknown,"With GrantsNow, you have multiple tools to streamline Pre-Awards, enhance team performance, and get your organisation the funding it deserves.",yes,"grants income, budget, pre-awards, team performance, funding",conversational,brand-and-you (mixed),brand awareness,none in caption,none,,no,none in the caption (they sit inside the mock tweet),image,typography (fake tweet mockup),mock Twitter/X post with GrantsNow verified handle and heart/reply icons,no,no,0.0,the mock tweet card claiming 'the GrantsNow treatment',solid,dark navy-teal,white tweet card + teal accent brand name + red heart,brand-teal (dark) + white + accent-red heart,high,flat tweet-card mockup,yes,Increase your Grants income without extending your existing budget.... Thats the GrantsNow treatment.,tweet-body regular text,100.0,@TheFastestGrowingPreAwardsPlatform,,GrantsNow logo TL + verified checkmark inside mock tweet,corner + inside mock tweet card,social-mockup embed (fake tweet) - first of its kind in the set,brand awareness - Pre-Awards positioning,product_capability,fake tweet mockup treatment (never used before) + typo 'Thats' missing apostrophe (visible on the creative) + '@TheFastestGrowingPreAwardsPlatform' handle claim + no CTA URL anywhere || IDENTICAL CAPTION AND VISUAL AS SS029. Twelfth byte-identical duplicate in the set.,"SS029, SS084","batch18, batch7",2.0,no,,brand-teal (dark) + white + accent-red heart
7435700768306978819,https://www.linkedin.com/feed/update/urn:li:activity:7435700768306978819,"Searching for the next generation in pre-awards software? GrantsNow is here now, making pre and post-award administration faster, more automated and better integrated.

#GrantsNow #PreAwardSoftware #PostAwardManagement #ResearchGrants #HigherEdTech #UKUniversities #SmartFunding #FutureReady","Searching for the next generation in pre-awards software? GrantsNow is here now, making pre and post-award administratio",120,2026-03-06,Friday,2026-03-02/2026-03-08,0,Organic,Image or text,,False,160,,5,14,0,0,14,19,0.11875,0.03125,0.0,0.0,291,31,2,8,"GrantsNow, PreAwardSoftware, PostAwardManagement, ResearchGrants, HigherEdTech, UKUniversities, SmartFunding, FutureReady",0,0,0,1,none,product_capability,Short (25-60w),full,verified,"GrantsNow is here now, making pre and post-award administration faster, more automated and better integrated.",yes,"next generation, pre-awards software, post-award management, automation, integration, higher ed tech, smart funding, future ready",conversational,brand-and-you (mixed),brand awareness,none in caption,none,,yes,brand + broad + niche - very heavy (8 tags),image,photo (space astronaut) with typography,astronaut in white spacesuit reaching outward with earth curve visible in background,yes (astronaut),no (helmet),1.0,the DON'T GET LOST hook + astronaut reaching hand,photographic,black space + blue earth curve,white all-caps type + teal accent on 'LOST',black + brand-teal + white + photographic,very high,photo realistic with cosmic backdrop,yes,DON'T GET LOST,all-caps bold with teal accent on 'LOST',14.0,Searching for the latest advancements in a Pre-Awards platform. GrantsNow is already here to simplify Pre & Post-Award Management,Get in touch (+44) 7710 041194 | grantsnow.co.uk,GrantsNow logo TL + contact footer strip (no HM Government badge),corners + footer contact strip,cinematic space photo with punchy short hook,brand awareness - next generation,product_capability + thought_leadership,"first space/aerospace visual in the set + shortest headline yet (14 chars) + teal accent on a single word inside all-caps + no G-Cloud badge (missing from this creative) || IDENTICAL CAPTION AND VISUAL AS SS028. Fourteenth byte-identical duplicate in the set. The 'DONT GET LOST' variant SS058 (no apostrophe, added 25%+ line) is a separate visual refinement.","SS028, SS086","batch18, batch7",2.0,no,,black + brand-teal + white + photographic
7438245015644106753,https://www.linkedin.com/feed/update/urn:li:activity:7438245015644106753,"The wrong Pre-Awards platform means hidden costs, manual updates, delays, and a higher total cost of ownership. GrantsNow’s TRUE SaaS solution gives you full control, instant upgrades, and zero hidden fees. Read the blog to know how: https://lnkd.in/eqK3_-vN 

#grantsmanagement #armauk #grantsnow #preawards #research","The wrong Pre-Awards platform means hidden costs, manual updates, delays, and a higher total cost of ownership. GrantsNo",120,2026-03-13,Friday,2026-03-09/2026-03-15,0,Organic,Image or text,,False,278,,6,20,0,0,20,26,0.0935251798561151,0.0215827338129496,0.0,0.0,318,43,2,5,"grantsmanagement, armauk, grantsnow, preawards, research",1,0,0,0,read,pain_point,Short (25-60w),full,verified,"GrantsNow's TRUE SaaS solution gives you full control, instant upgrades, and zero hidden fees.",yes,"pre-awards platform, hidden costs, manual updates, total cost of ownership, TRUE SaaS, ARMA UK, grants management",authoritative,brand-third-person,blog,end,read,Read,no,brand + niche - all lowercase,image,photo + typography with BLOG pill,dark abstract office photo with question headline overlay,no,no,0.0,the question headline with yellow highlighter marker on 'Cost',photographic,dark teal-tinted office blur,white type + yellow highlighter on 'Cost',brand-teal + accent-yellow + photographic,high,photo with heavy overlay,yes,Pre-Awards Platforms: What's the Cost of the Wrong Choice?,mixed-weight bold with yellow highlighter marker on 'Cost',57.0,Learn how TRUE SaaS saves time and money. Read the blog.,(Link in description) + Get in touch (+44) 7710 041194 | grantsnow.co.uk,GrantsNow logo TL + BLOG pill TR + contact footer strip,corners + footer contact strip,editorial photo blog poster with highlighter accent,blog - True SaaS cost,thought_leadership + pain_point,"SAME CAPTION AND HEADLINE AS SS031 but different background - abstract office in SS027, architectural building in SS031. Second natural A/B pair in the whole set (first was SS019/SS021). || SAME CAPTION AND HEADLINE AS SS027 - architectural university-style building as the only differentiator. Cleanest natural A/B in the set (SS019/SS021 was the first). || IDENTICAL CAPTION AND ARCHITECTURAL BACKGROUND AS SS031. Fifteenth byte-identical duplicate in the set. This is the third occurrence of the True SaaS Cost-of-the-Wrong-Choice creative (SS027 dark-office variant + SS031 architectural + SS087 same architectural). The blog also has a fourth same-caption sibling in SS053 (dark navy sticky-note variant).","SS027, SS031, SS087","batch19, batch7",3.0,no,,brand-teal + accent-yellow + photographic
7439332180469862400,https://www.linkedin.com/feed/update/urn:li:activity:7439332180469862400,"Many solutions claim to be SaaS, but few actually are. A TRUE SaaS platform has a single codebase, instant updates, and scalable configurations. Read the blog to know more: https://lnkd.in/eqK3_-vN 

#grantsnow #preawards #research #grantsmanagement #armauk #SaaS","Many solutions claim to be SaaS, but few actually are. A TRUE SaaS platform has a single codebase, instant updates, and ",120,2026-03-16,Monday,2026-03-16/2026-03-22,0,Organic,Image or text,,False,228,,3,13,0,0,13,16,0.0701754385964912,0.0131578947368421,0.0,0.0,263,36,2,6,"grantsnow, preawards, research, grantsmanagement, armauk, SaaS",1,0,0,0,read,thought_leadership,Short (25-60w),full,verified,"A TRUE SaaS platform has a single codebase, instant updates, and scalable configurations.",yes,"SaaS, True SaaS, single codebase, instant updates, scalable configurations, pre-awards, research management, ARMA UK",authoritative,brand-third-person,blog,end,read,Read,no,brand + niche - all lowercase (first lowercase set),image,photo + typography with BLOG pill,"two women at a desk with laptop, soft-focus office background",yes,yes (soft focus),2.0,large question headline with yellow highlighter marker on 'older',photographic,dark teal-tinted office photo,white type + yellow highlighter on 'older' word,brand-teal + accent-yellow + photographic,high,photo realistic with darkened tint,yes,"Is your platform TRUE SaaS or Just older tech, hosted on the cloud?",mixed-weight bold with yellow highlighter marker on 'older',65.0,Learn how TRUE SaaS saves time and money. Read the blog.,(Link in description),GrantsNow logo TL + BLOG pill TR,corners,editorial photo with punchy question and highlighter mark,blog - True SaaS,thought_leadership,"first BLOG offer type in the set (rest are whitepaper/demo/webinar) + first highlighter-marker treatment on a single word + first all-lowercase hashtag set + 'Link in description' pattern (rare - LinkedIn's suggested workaround for link penalty) || SAME CAPTION AS SS026, SS027, SS031 (True SaaS blog cluster) but the visual is a dark navy typography poster with sticky-note stat pills - fourth visual variant of the same blog. Combined with SS027/SS031 (photo variants) and SS026 (photo with 2 women), this is the biggest visual A/B/C/D pool for one blog piece.","SS026, SS053","batch11, batch6",2.0,yes,,brand-teal + accent-yellow + photographic
7439694565923586048,https://www.linkedin.com/feed/update/urn:li:activity:7439694565923586048,"If your pre-award software requires constant workarounds, you're already wasting time. GrantsNow enables you to speed up with automation, speed, and effortless integration. Switch to our future-proof solution: https://lnkd.in/dU2Brsef 

#PreAwardSoftware #ResearchManagement #HigherEdTech #GrantsNow #FutureReady #Automation #UKUniversities #DigitalTransformation #TrueSaaS","If your pre-award software requires constant workarounds, you're already wasting time. GrantsNow enables you to speed up",120,2026-03-17,Tuesday,2026-03-16/2026-03-22,1,Organic,Image or text,,False,190,,9,8,0,0,8,17,0.0894736842105263,0.0473684210526315,0.0,0.0,373,38,2,9,"PreAwardSoftware, ResearchManagement, HigherEdTech, GrantsNow, FutureReady, Automation, UKUniversities, DigitalTransformation, TrueSaaS",1,0,0,0,none,product_capability,Short (25-60w),bottom-cropped,unknown,"GrantsNow enables you to speed up with automation, speed, and effortless integration.",yes,"pre-award software, workarounds, automation, integration, future-proof, higher ed tech, digital transformation, True SaaS",conversational,brand-and-you (mixed),demo,end,contact,Switch,yes,brand + broad + niche - heaviest in the set (9 tags),image,cartoon illustration (pit stop racing scene),cartoon pit stop with crew changing tires on green racing car with cheering crowd and yellow rival car,yes (cartoon),yes (cartoon faces + crowd),6.0,the racing pit stop scene + 'Stuck racing?' hook,illustrated,bright blue sky + green car + colourful crowd,green racing crew + white type on cream area above,cartoon-multicolour + brand-teal (in the type area),high,flat cartoon illustration,yes,Stuck racing with a system that slows you down?,handwritten-style script,48.0,"GrantsNow keeps you on track with a Future-proof, True SaaS solution.",,GrantsNow logo TL (small),top only (minimal branding for this creative),editorial cartoon illustration - only illustrated post in the set,demo - True SaaS speed,product_capability,"second racing metaphor in the set (SS017 was photo of MotoGP, SS025 is cartoon pit stop) + heaviest hashtag load (9) + handwritten-style headline + minimal branding",SS025,batch6,1.0,yes,,cartoon-multicolour + brand-teal (in the type area)
7442171767156240384,https://www.linkedin.com/feed/update/urn:li:activity:7442171767156240384,"GrantsNow is at Oracle AI World 2026. Come say hello!

#PreAwards #GrantsManagement #OracleAIWorld #Oracle #FusionPractices",GrantsNow is at Oracle AI World 2026. Come say hello!,53,2026-03-24,Tuesday,2026-03-23/2026-03-29,1,Organic,Image or text,,False,315,,17,14,0,0,14,31,0.0984126984126984,0.0539682539682539,0.0,0.0,123,15,2,5,"PreAwards, GrantsManagement, OracleAIWorld, Oracle, FusionPractices",0,0,0,0,none,product_capability,Very short (<25w),,,,,,,,,,,,,,,,,,,,,,,,,,,,,,,,,,,,,,,,,,,,
7449429953898680320,https://www.linkedin.com/feed/update/urn:li:activity:7449429953898680320,"Budgeting shouldn’t be the bottleneck but it often is.

Manual spreadsheets, outdated costing models, and disconnected finance data make it difficult to build accurate, compliant proposals.

GrantsNow tackles this with:
✔ Full economic costing (fEC) aligned to TRAC
✔ Automated cost calculations and scenario modelling
✔ Integration with HR & finance systems for real-time data

Fewer errors. Faster approvals. Stronger proposals.

Join us to explore how AI can take budgeting and validation even further.",Budgeting shouldn’t be the bottleneck but it often is.,54,2026-04-13,Monday,2026-04-13/2026-04-19,0,Organic,Image or text,,False,181,,1,9,0,1,10,11,0.0607734806629834,0.005524861878453,0.005524861878453,0.0,505,74,11,0,,0,0,3,0,read,product_capability,Medium (60-120w),bottom-cropped,inferred,"GrantsNow tackles budgeting with full economic costing aligned to TRAC, automated cost calculations, and integration with HR and finance systems.",no (arrives after the pain setup),"budgeting, spreadsheets, costing models, finance data, full economic costing, TRAC, HR and finance systems, AI",authoritative,brand-third-person,webinar,end,register,Join,no,none visible in the screenshot,image,photo + typography with WEBINAR pill,soft-focus person with dark teal-to-purple gradient + large question headline,yes,partial (soft focus),1.0,large question headline with teal accent on 'the hardest parts of Grant Applications',photographic,dark teal-to-purple gradient,white type + teal WEBINAR pill + teal accent words in headline,brand-teal + accent-purple + photographic,high,photo with heavy gradient overlay,yes,Why is budget creation still one of the hardest parts of Grant Applications?,mixed-weight bold with teal accent,77.0,Join us on Wednesday 6th May at 12:30pm to discuss how AI will help,,GrantsNow logo TL + Research Consulting logo TR + WEBINAR pill,corners + centered pill,webinar poster - photo hero with question hook and teal accent inside,webinar - AI in Pre-Awards,pain_point + thought_leadership,"sixth webinar in the series (SS014-SS016, SS019, SS021, SS024) + same Wed 6th May date as SS021 - possibly A/B for the earlier session",SS024,batch6,1.0,yes,,brand-teal + accent-purple + photographic
7449792344716959744,https://www.linkedin.com/feed/update/urn:li:activity:7449792344716959744,"Most systems stop at submission, leaving teams to track awards manually. GrantsNow connects Pre Award to Post Award so you have visibility from idea to outcome.
Get in touch: https://lnkd.in/dU2Brsef

#GrantLifecycle #PostAward #ResearchManagement #GrantsNow","Most systems stop at submission, leaving teams to track awards manually. GrantsNow connects Pre Award to Post Award so y",120,2026-04-14,Tuesday,2026-04-13/2026-04-19,1,Organic,Image or text,,False,189,,7,14,0,1,15,22,0.1164021164021164,0.037037037037037,0.0052910052910052,0.0,258,34,3,4,"GrantLifecycle, PostAward, ResearchManagement, GrantsNow",1,0,0,0,contact,community_celebration,Short (25-60w),full,verified,GrantsNow connects Pre Award to Post Award so you have visibility from idea to outcome.,yes,"submission, tracking, Pre Award, Post Award, grant lifecycle, research management",conversational,brand-and-you (mixed),demo,end,contact,Get in touch,no,brand + niche,image,photo + light cream card overlay,"group of 5 professionals around a laptop, smiling, bright office",yes,yes,5.0,the cream card headline + 'Sounds neat right?' cheeky pill,photographic,bright warm neutral (rare - like SS018),cream card + orange border + teal type + teal 'Sounds neat right?' pill,brand-teal + gold + bright-photographic,medium,bright natural-light photo,yes,A platform that supports both Pre-Award and Post-Award.,sentence-case mixed-weight,55.0,Sounds neat right?,,GrantsNow logo TL + HM Government G-Cloud Supplier TR,corners (no footer strip in this one),bright team photo with cream card and conversational pill,demo - full lifecycle,product_capability,"most people in a single image (5) + conversational 'Sounds neat right?' pill (only-post using casual language on the image) + no footer contact strip || IDENTICAL CAPTION, HEADLINE, URL AND VISUAL AS SS023. Fourth duplicate in the set. Same batch as SS040 which duplicates SS022 - suggesting a batch repost of the demo posts.","SS023, SS041","batch6, batch9",2.0,yes,,brand-teal + gold + bright-photographic
7450161776261820416,https://www.linkedin.com/feed/update/urn:li:activity:7450161776261820416,"GrantsNow syncs data in real time, giving research offices and leadership instant visibility into proposal status, deadlines and workload. No more stale reports or outdated spreadsheets. Get in touch: https://lnkd.in/dU2Brsef

#ResearchData #RealTimeUpdates #UniversitySystems #GrantsNow","GrantsNow syncs data in real time, giving research offices and leadership instant visibility into proposal status, deadl",120,2026-04-15,Wednesday,2026-04-13/2026-04-19,1,Organic,Image or text,,False,104,,1,6,0,1,7,8,0.0769230769230769,0.0096153846153846,0.0096153846153846,0.0,287,34,2,4,"ResearchData, RealTimeUpdates, UniversitySystems, GrantsNow",1,0,0,0,contact,thought_leadership,Short (25-60w),full,verified,"GrantsNow syncs data in real time, giving research offices and leadership instant visibility into proposal status, deadlines and workload.",yes,"real-time data, research offices, proposal status, deadlines, workload, spreadsheets, university systems",authoritative,brand-third-person,demo,end,contact,Get in touch,no,brand + niche,image,photo + teal card overlay,hands typing on keyboard with financial charts + teal card centred,partial (hands only),no,1.0,the all-caps 'REAL TIME DATA. REAL IMPACT.' hook + 'Only possible with GrantsNow' claim,photographic,dark teal-tinted desk photo,teal card + cream border + white all-caps type,brand-teal + cream + photographic,high,photo realistic with darkened tint,yes,REAL TIME DATA. REAL IMPACT.,all-caps bold,28.0,Only possible with GrantsNow,Get in touch (+44) 7710 041194 | grantsnow.co.uk,GrantsNow logo TL + HM Government G-Cloud Supplier TR + contact footer strip,corners + footer contact strip,photo hero with short all-caps hook and brand-claim pill,demo - real-time data,product_capability,"second all-caps headline in the set (after SS020) + 'Only possible with GrantsNow' as exclusivity claim - twinned with SS020's short-hook template || IDENTICAL CAPTION, HEADLINE, URL AND VISUAL AS SS022. Third duplicate pair after SS013/SS036 and (partial) SS027/SS031. Likely a repost - or an accidental re-upload.","SS022, SS040","batch6, batch9",2.0,no,,brand-teal + cream + photographic
7450317300383211520,https://www.linkedin.com/feed/update/urn:li:activity:7450317300383211520,"Join our upcoming webinar here:
https://lnkd.in/ei2DNPX6 

Instead of large-scale change, leading institutions are starting with small, focused pilots:
✔ Testing AI for compliance checks
✔ Automating funding opportunity discovery
✔ Supporting proposal development

With platforms like GrantsNow already providing centralised data, workflows, and automation, AI becomes much easier to trial in real scenarios.

We’ll be discussing real use cases in our upcoming session",Join our upcoming webinar here:,31,2026-04-15,Wednesday,2026-04-13/2026-04-19,1,Organic,Image or text,,False,131,,6,2,0,2,4,10,0.0763358778625954,0.0458015267175572,0.015267175572519,0.0,468,63,10,0,,1,0,3,0,none,product_capability,Medium (60-120w),,,,,,,,,,,,,,,,,,,,,,,,,,,,,,,,,,,,,,,,,,,,
7451951574739886080,https://www.linkedin.com/feed/update/urn:li:activity:7451951574739886080,"Make your Pre Awards system work your way. With GrantsNow, you can quickly configure forms, fields, hierarchies and approval workflows without waiting on developers.

#ResearchFunding #PreAwards #ResearchManagement #GrantsNow","Make your Pre Awards system work your way. With GrantsNow, you can quickly configure forms, fields, hierarchies and appr",120,2026-04-20,Monday,2026-04-20/2026-04-26,0,Organic,Image or text,,False,141,,1,7,0,2,9,10,0.0709219858156028,0.0070921985815602,0.0141843971631205,0.0,225,28,2,4,"ResearchFunding, PreAwards, ResearchManagement, GrantsNow",0,0,0,0,none,other,Short (25-60w),full,verified,"With GrantsNow, you can quickly configure forms, fields, hierarchies and approval workflows without waiting on developers.",yes,"pre-awards system, configure, forms, fields, hierarchies, approval workflows, developers",conversational,brand-and-you (mixed),demo,none in caption,none,Switch,no,brand + niche,image,typography on dark gradient with seasonal snowflakes,dark teal background with subtle snowflake motif and headline claim,no,no,0.0,the 'in minutes not months' claim + Switch pill,gradient,dark teal with subtle snowflakes,white type + teal accent italics,brand-teal + white + seasonal-snow,high,flat gradient with snowflake overlay,yes,"Configure forms, fields, hierarchies & approvals in minutes not months","mixed-weight bold with teal italic accent on 'forms, fields, hierarchies & approvals'",69.0,Switch to GrantsNow,Get in touch (+44) 7710 041194 | grantsnow.co.uk,GrantsNow logo top-centre,top-centre,typography-only dark poster with snowflake seasonal motif,demo - configurable Pre-Awards,product_capability,"seasonal snowflake motif on a product poster (winter campaign, not Christmas message) + teal italic accent inside the headline + no photo, no footer strip || SAME CAPTION AS SS051 but the creative is completely different - SS051 was a snowflake typography poster, SS061 is an office silhouette photo hero. Another visual A/B pair on the same words.","SS051, SS061","batch11, batch12",2.0,no,,brand-teal + white + seasonal-snow
7451975730483351553,https://www.linkedin.com/feed/update/urn:li:activity:7451975730483351553,,,0,2026-04-20,Monday,2026-04-20/2026-04-26,0,Organic,Article,Article,True,246,235.0,1,3,0,0,3,4,0.016260162601626,0.0040650406504065,0.0,0.0,0,0,0,0,,0,0,0,0,none,other,Very short (<25w),,,,,,,,,,,,,,,,,,,,,,,,,,,,,,,,,,,,,,,,,,,,
7452340405129351169,https://www.linkedin.com/feed/update/urn:li:activity:7452340405129351169,"Research teams deserve tools that remove complexity, not add to it. GrantsNow streamlines key Pre and Post Award tasks so your staff can focus more on delivering impactful research, not admin.

#ResearchFunding #PreAwards #PostAwards #ResearchManagement #GrantsNow","Research teams deserve tools that remove complexity, not add to it. GrantsNow streamlines key Pre and Post Award tasks s",120,2026-04-21,Tuesday,2026-04-20/2026-04-26,1,Organic,Image or text,,False,138,,0,5,0,0,5,5,0.036231884057971,0.0,0.0,0.0,264,36,2,5,"ResearchFunding, PreAwards, PostAwards, ResearchManagement, GrantsNow",0,0,0,0,none,thought_leadership,Short (25-60w),full,verified,"GrantsNow streamlines key Pre and Post Award tasks so staff can focus on impactful research, not admin.",yes,"research teams, pre-award, post-award, admin, research funding, research management",authoritative,brand-third-person,brand awareness,none in caption,none,,no,brand + niche,image,photo + teal card overlay,hands typing on keyboard with plants in background + teal card centred,partial (hands only),no,1.0,the all-caps 'DO MORE IN LESS TIME' headline,photographic,muted green-grey desk photo,teal card + cream border + white all-caps type,brand-teal + cream + photographic,high,photo realistic with subtle overlay,yes,DO MORE IN LESS TIME.,all-caps bold,21.0,Streamline Pre and Post-Award instantly with GrantsNow,Get in touch (+44) 7710 041194 | grantsnow.co.uk,GrantsNow logo TL + HM Government G-Cloud Supplier TR + contact footer strip,corners + footer contact strip,photo hero with short all-caps hook,brand awareness - streamline Pre and Post-Award,product_capability,"shortest headline in the set (21 chars) + first all-caps headline + no CTA URL in the caption (brand-awareness rather than sales-driven) || IDENTICAL CAPTION, HEADLINE, URL AND VISUAL AS SS020. Sixth byte-identical duplicate in the set (after SS013/SS036, SS017/SS044, SS022/SS040, SS023/SS041).","SS020, SS060","batch12, batch4",2.0,no,,brand-teal + cream + photographic
7452691446320750592,https://www.linkedin.com/feed/update/urn:li:activity:7452691446320750592,"Join our upcoming webinar here:
https://lnkd.in/ei2DNPX6 

Instead of large-scale change, leading institutions are starting with small, focused pilots:
✔ Testing AI for compliance checks
✔ Automating funding opportunity discovery
✔ Supporting proposal development

With platforms like GrantsNow already providing centralised data, workflows, and automation, AI becomes much easier to trial in real scenarios.

We’ll be discussing real use cases in our upcoming session",Join our upcoming webinar here:,31,2026-04-22,Wednesday,2026-04-20/2026-04-26,1,Organic,Image or text,,False,755,,39,29,1,5,35,74,0.0980132450331125,0.0516556291390728,0.0066225165562913,0.0013245033112582,468,63,10,0,,1,0,3,0,none,product_capability,Medium (60-120w),full,verified,"GrantsNow already provides centralised data, workflows, and automation, making AI easier to trial in real scenarios.",no (arrives after the pilot list),"webinar, AI, compliance checks, funding opportunity discovery, proposal development, centralised data, pilots",authoritative,brand-third-person,webinar,start (link at top),register,Join,no,none visible in the screenshot,image,typography + two speaker headshot cards,warm cream-to-peach gradient with 'Meet the Speakers' cards and two portrait photos,yes,yes (both speakers),2.0,speaker cards with names and credentials,gradient,cream to peach,dark teal type + circular speaker portraits,brand-teal + cream + peach,medium,flat gradient with circular photo insets,yes,Upcoming Webinar: AI in Pre-Awards: Unlocking Greater Value and Efficiency,title-case mixed-weight bold,74.0,"Meet the Speakers - Ian McGowan (25+ yrs managing clients across IT and software) + Dr. Dan King (Research and knowledge exchange specialist with 25+ yrs across strategy, partnerships, and funding)",Get in touch (+44) 7710 041194 | grantsnow.co.uk,GrantsNow logo TL + HM Government G-Cloud Supplier TR + contact footer strip,corners + footer contact strip,warm poster with speaker credibility cards,webinar - AI in Pre-Awards,thought_leadership,"first post naming individual speakers with credentials (Ian McGowan, Dr. Dan King) + first warm/cream palette + fourth webinar in the series || SAME CAPTION AS SS019 (verbatim) but DIFFERENT image and DIFFERENT date (Wed 6th May vs Tue 19th May). This is the natural A/B for 'does the creative alone move the numbers?'. Fifth post in the webinar series overall.","SS019, SS021","batch4, batch5",2.0,yes,,brand-teal + cream + peach
7453065189752557568,https://www.linkedin.com/feed/update/urn:li:activity:7453065189752557568,"GrantsNow empowers research offices to identify the right opportunities faster, streamline submissions, and increase funding success through automation and smart integrations. Find out how: https://lnkd.in/dU2Brsef 

#GrantsNow #ResearchFunding #GrantsManagement #PreAwards #HigherEducation #FundingSuccess #ResearchInnovation","GrantsNow empowers research offices to identify the right opportunities faster, streamline submissions, and increase fun",120,2026-04-23,Thursday,2026-04-20/2026-04-26,1,Organic,Image or text,,False,139,,0,7,0,0,7,7,0.0503597122302158,0.0,0.0,0.0,326,32,2,7,"GrantsNow, ResearchFunding, GrantsManagement, PreAwards, HigherEducation, FundingSuccess, ResearchInnovation",1,0,0,0,learn_more,product_capability,Short (25-60w),bottom-cropped,inferred,"GrantsNow empowers research offices to identify opportunities faster, streamline submissions, and increase funding success through automation and integrations.",yes,"research offices, funding opportunities, submissions, automation, integrations, higher education, funding success, research innovation",authoritative,brand-third-person,demo,end,contact,Find out,no,brand + broad - very heavy (7 tags),image,photo + cream card overlay,professional man in suit gesturing at a data screen with team behind him,yes,yes,4.0,man pointing at data screen + 'Only GrantsNow!' claim,photographic,bright white-blue office (unusual - lightest in the set),cream card + orange border + teal type + teal 'Only GrantsNow!' pill,brand-teal + gold + bright-photographic,medium,bright natural-light photo with flat card,yes,The solution for maximising Grants funding opportunities,mixed-weight bold with 'maximising' emphasised,55.0,Only GrantsNow!,Get in touch (+44) 7710 041194 | grantsnow.co.uk,GrantsNow logo TL + HM Government G-Cloud Supplier TR + contact footer strip,corners + footer contact strip,bright corporate photo with cream card - warmer palette than the rest,demo - funding success,product_capability,"first bright-daylight photo (rest use dark-teal tinted overlays) + explicit 'Only GrantsNow' claim + 7 hashtags || SAME CAPTION AS SS018 (which was a bright photo of a businessman with team) but this is a dark typography-only poster - clean visual A/B || IDENTICAL CAPTION, HEADLINE AND VISUAL AS SS018. Ninth byte-identical duplicate. The same caption also appears with a completely different creative in SS054 (dark typography-only) so this cluster is now a three-post visual-A/B group with two rows of the bright-photo variant and one row of the dark-typography variant.","SS018, SS054, SS068","batch11, batch14, batch4",3.0,yes,,brand-teal + gold + bright-photographic
7455540400532066305,https://www.linkedin.com/feed/update/urn:li:activity:7455540400532066305,"Many universities wait over a year for their Pre Award system to connect with finance and HR platforms. GrantsNow delivers clean, pre built integrations with Oracle cloud so you can go live in less than half the time faster. Get in touch: https://lnkd.in/dU2Brsef

#University #ResearchManagement #GrantsNow",Many universities wait over a year for their Pre Award system to connect with finance and HR platforms. GrantsNow delive,120,2026-04-30,Thursday,2026-04-27/2026-05-03,1,Organic,Image or text,,False,223,,9,7,0,1,8,17,0.0762331838565022,0.0403587443946188,0.0044843049327354,0.0,307,46,2,3,"University, ResearchManagement, GrantsNow",1,0,0,0,contact,community_celebration,Short (25-60w),full,verified,GrantsNow delivers pre-built integrations with Oracle cloud so you can go live in less than half the time.,yes,"pre-award, integrations, finance, HR platforms, Oracle cloud, universities, research management",conversational,brand-and-you (mixed),demo,end,contact,Get in touch,no,brand + broad,image,action photo (MotoGP racing bike),"MotoGP racing bike with GrantsNow branding, motion blur, rider in green leathers","yes (rider on bike, helmet - face not visible)",no,1.0,the racing bike + '18+ months?' hook,photographic,green track blur + dark racing photo,green bike + white type,brand-teal + racing-green + photographic,high,action photo with speed blur,yes,Do Pre-Awards integrations really need 18+ months to build?,mixed-weight bold with '18+ months?' enlarged,60.0,GrantsNow does it faster,Get in touch (+44) 7710 041194 | grantsnow.co.uk,GrantsNow logo TL + contact footer strip + UNIT4 Partner + Oracle Partner logos BR,corners + footer contact strip + partner co-brand row,sports action photo with typographic hook - completely off-template from the rest,demo - Oracle integration,product_capability,"MotoGP sponsorship photo (only sports metaphor in the set) + partner logos (UNIT4, Oracle) + first stat-in-headline that argues speed || IDENTICAL CAPTION, HEADLINE, URL AND VISUAL AS SS017. Fifth duplicate cluster in the set. Together with SS043's frustrated-executive portrait, this is now a three-post lineage around the '18 months integration' pain.","SS017, SS044","batch10, batch4",2.0,no,,brand-teal + racing-green + photographic
7457028793136975872,https://www.linkedin.com/feed/update/urn:li:activity:7457028793136975872,"It’s not just the big tasks slowing research teams down it’s the small, repetitive ones.

Chasing approvals. Updating spreadsheets. Managing versions. Re-entering data.

These hidden manual processes quietly drain time across both Pre- and Post-Award reducing capacity for higher-value work.

GrantsNow brings everything into one connected platform, helping teams:
✔ Eliminate duplicate data entry
✔ Streamline approvals and workflows
✔ Improve visibility across the full grant lifecycle

Less admin. More time for research.

Find out more in our upcoming webinar","It’s not just the big tasks slowing research teams down it’s the small, repetitive ones.",88,2026-05-04,Monday,2026-05-04/2026-05-10,0,Organic,Image or text,,False,210,,2,8,0,0,8,10,0.0476190476190476,0.0095238095238095,0.0,0.0,563,80,13,0,,0,0,3,0,learn_more,pain_point,Medium (60-120w),,,,,,,,,,,,,,,,,,,,,,,,,,,,,,,,,,,,,,,,,,,,
7457746257889988612,https://www.linkedin.com/feed/update/urn:li:activity:7457746257889988612,"Post-Award management doesn’t stop at funding it’s where pressure builds.

Reporting deadlines. Milestone tracking. Funder requirements.
Miss one, and it can impact future funding.

Many institutions still rely on manual tracking and reminders, increasing the risk of missed deadlines.

GrantsNow helps you stay in control with:
✔ Automated milestone tracking
✔ Real-time alerts and notifications
✔ Full visibility across the Post-Award lifecycle

Stay compliant. Stay on track. Never miss a deadline again.

Join our webinar to see how AI is taking this even further.",Post-Award management doesn’t stop at funding it’s where pressure builds.,73,2026-05-06,Wednesday,2026-05-04/2026-05-10,1,Organic,Image or text,,False,180,,3,9,0,0,9,12,0.0666666666666666,0.0166666666666666,0.0,0.0,568,84,14,0,,0,0,3,0,none,product_capability,Medium (60-120w),bottom-cropped,inferred,"GrantsNow helps you stay in control with automated milestone tracking, real-time alerts, and full visibility across the Post-Award lifecycle.",no (arrives after the pain setup),"post-award, reporting deadlines, milestone tracking, funder requirements, manual tracking, AI",authoritative,brand-and-you (mixed),webinar,end,register,Join,no,none visible in the screenshot,image,photo + typography with WEBINAR pill,soft-focus person with purple-teal gradient overlay + large question headline,yes,partial (soft focus),1.0,very large question headline,photographic,dark teal-to-purple gradient,white type + teal WEBINAR pill + teal accent words in headline,brand-teal + accent-purple + photographic,high,photo with heavy gradient overlay,yes,What if you never missed a Post-Award submission or reporting deadline again?,mixed-weight bold with teal accent on 'Post-Award submission or reporting deadline',79.0,Join us on Tuesday 19th May at 12:30pm to discuss how you can use AI to improve your Pre-Awards processes,,GrantsNow logo TL + Research Consulting logo TR + WEBINAR pill,corners + centered pill,webinar poster - photo hero with big question hook,webinar - AI in Pre-Awards,pain_point + thought_leadership,"third webinar poster in a series (SS014, SS015, SS016) - purple gradient variant + accent-coloured words inside the headline",SS016,batch4,1.0,yes,,brand-teal + accent-purple + photographic
7458093347295903747,https://www.linkedin.com/feed/update/urn:li:activity:7458093347295903747,"Can AI help universities simplify complexity, reduce administrative burden, and create more efficient pre-awards processes?

Join our upcoming webinar as industry experts explore how institutions can unlock greater value through smarter research management and AI-driven approaches.

📅 19th May 2026
🕐 12:30 PM – 1:30 PM BST
Register now: https://lnkd.in/ei2DNPX6

#HigherEducation #ResearchManagement #AI #PreAwards #GrantManagement #Webinar #GrantsNow","Can AI help universities simplify complexity, reduce administrative burden, and create more efficient pre-awards process",120,2026-05-07,Thursday,2026-05-04/2026-05-10,1,Organic,Image or text,,False,260,,49,2,0,1,3,52,0.2,0.1884615384615384,0.0038461538461538,0.0,453,57,8,7,"HigherEducation, ResearchManagement, AI, PreAwards, GrantManagement, Webinar, GrantsNow",1,0,2,1,read,product_capability,Short (25-60w),,,,,,,,,,,,,,,,,,,,,,,,,,,,,,,,,,,,,,,,,,,,
7458501231242752000,https://www.linkedin.com/feed/update/urn:li:activity:7458501231242752000,"Compliance isn’t optional but it is slowing teams down.

Many institutions are still managing due diligence manually, across emails, spreadsheets, and disconnected systems. That’s where delays and risk creep in.

With GrantsNow, compliance and governance are centralised in one place, with:
✔ Automated approval workflows
✔ Built-in due diligence tracking
✔ Configurable ethics and compliance forms

Less admin. More confidence. Faster submissions.

👉 Join our webinar to see how AI is taking this even further.",Compliance isn’t optional but it is slowing teams down.,55,2026-05-08,Friday,2026-05-04/2026-05-10,0,Organic,Image or text,,False,155,,3,3,0,0,3,6,0.0387096774193548,0.0193548387096774,0.0,0.0,511,75,11,0,,0,0,4,0,none,product_capability,Medium (60-120w),bottom-cropped,inferred,"With GrantsNow, compliance and governance are centralised in one place, with automated workflows, due diligence tracking, and configurable ethics forms.",no (arrives in fourth sentence after pain setup),"compliance, due diligence, emails, spreadsheets, approval workflows, ethics, research funding applications",authoritative,brand-third-person,webinar,end,register,Join,no,none visible in the screenshot,image,photo + typography with WEBINAR pill,soft-focus person with dark purple-to-teal gradient overlay and question headline,yes,partial (soft focus),1.0,large question headline + WEBINAR pill,photographic,dark purple-pink to teal gradient,white type + teal WEBINAR pill,brand-teal + accent-purple + photographic,high,photo with heavy gradient overlay,yes,Are compliance checks slowing down research funding applications?,mixed-weight (some words in teal accent colour),63.0,Join us on Tuesday 19th May at 12:30pm to discuss how you can use AI to improve your Pre-Awards processes,,GrantsNow logo TL + Research Consulting logo TR + WEBINAR pill,corners + centered pill,webinar poster - photo hero with pill and question,webinar - AI in Pre-Awards,pain_point + thought_leadership,purple gradient is the first non-teal accent + emoji in caption (first ever) + accent colouring inside the headline,SS015,batch3,1.0,yes,,brand-teal + accent-purple + photographic
7459930112554217472,https://www.linkedin.com/feed/update/urn:li:activity:7459930112554217472,"Post-Award management is where the real pressure begins.
Reporting deadlines. Milestone tracking. Funder compliance. Miss one, and you risk more than a slap on the wrist — you risk your next award.

Yet most institutions are still managing this with manual trackers and calendar reminders. It's not a system. It's a gamble.

GrantsNow gives your team full control of the Post-Award lifecycle:
✔ Automated milestone tracking
✔ Real-time alerts and notifications
✔ End-to-end visibility, from award to close

Compliant. On track. No deadlines missed.

Join our webinar to see how AI is making Post-Award management even smarter: https://lnkd.in/ei2DNPX6",Post-Award management is where the real pressure begins.,56,2026-05-12,Tuesday,2026-05-11/2026-05-17,1,Organic,Image or text,,False,162,,4,10,0,0,10,14,0.0864197530864197,0.0246913580246913,0.0,0.0,651,98,12,0,,1,0,3,0,none,product_capability,Medium (60-120w),full,verified,"GrantsNow gives your team full control of the Post-Award lifecycle: automated milestone tracking, real-time alerts, end-to-end visibility.","no (arrives later, after the pain setup)","post-award, reporting deadlines, milestone tracking, funder compliance, automated, real-time alerts, AI, pre-awards",authoritative,brand-third-person,webinar,end,register,Join,no,none visible in the screenshot,image,typography on dark gradient,dark teal gradient with UPCOMING WEBINAR badge + question headline + date,no,no,0.0,cream card with question headline and event date,gradient,dark teal to green,white type + cream card + green WEBINAR pill,brand-teal + cream + green pill,high,flat gradient with subtle tech graphic,yes,How can Pre-Awards really benefit from AI?,mixed-weight bold,42.0,Join us on Tuesday 19th May at 12:30pm to discuss how you can use AI to improve your Pre-Awards processes. LAST FEW SEATS LEFT!,Get in touch (+44) 7710 041194 | grantsnow.co.uk,GrantsNow logo TL + Research Consulting logo TR + contact footer strip,corners + footer contact strip,webinar poster with badge and event date,webinar - AI in Pre-Awards,thought_leadership + product_capability,first co-branded post (GrantsNow + Research Consulting) + first webinar + first caption with bullet points + urgency signal 'LAST FEW SEATS LEFT',SS014,batch3,1.0,no,,brand-teal + cream + green pill
7462781714726240256,https://www.linkedin.com/feed/update/urn:li:activity:7462781714726240256,"We recently hosted an insightful webinar discussion on the growing role of AI in research management, with professionals across the sector sharing perspectives on opportunities, challenges, and practical use cases.

The conversation explored how AI could support pre-award and post-award teams through smarter analysis, improved efficiency, and better visibility across research operations.

A big thank you to everyone who joined and contributed to the discussion.

#ResearchManagement #HigherEducation #AI #PreAward #PostAward","We recently hosted an insightful webinar discussion on the growing role of AI in research management, with professionals",120,2026-05-20,Wednesday,2026-05-18/2026-05-24,1,Organic,Image or text,,False,219,,1,13,0,0,13,14,0.0639269406392694,0.0045662100456621,0.0,0.0,528,70,6,5,"ResearchManagement, HigherEducation, AI, PreAward, PostAward",0,0,0,0,none,product_capability,Medium (60-120w),,,,,,,,,,,,,,,,,,,,,,,,,,,,,,,,,,,,,,,,,,,,
7462844535497273345,https://www.linkedin.com/feed/update/urn:li:activity:7462844535497273345,"We've summarised the key findings from our recent webinar on AI in pre and post award research management, where we explored where AI creates real value in grants management, from eligibility checking to faster proposal creation, and why capacity, not capability, is the biggest barrier holding teams back.","We've summarised the key findings from our recent webinar on AI in pre and post award research management, where we expl",120,2026-05-20,Wednesday,2026-05-18/2026-05-24,1,Organic,Article,Article,True,364,263.0,8,14,0,0,14,22,0.0604395604395604,0.0219780219780219,0.0,0.0,306,48,0,0,,0,0,0,0,none,product_capability,Short (25-60w),,,,,,,,,,,,,,,,,,,,,,,,,,,,,,,,,,,,,,,,,,,,
7467241283829436416,https://www.linkedin.com/feed/update/urn:li:activity:7467241283829436416,"Thanks, ARMA! Delighted to be supporting #ARMA2026 as the official Lanyard Partner and exhibiting at the event. Looking forward to seeing everyone in Harrogate!","Thanks, ARMA! Delighted to be supporting #ARMA2026 as the official Lanyard Partner and exhibiting at the event. Looking ",120,2026-06-01,Monday,2026-06-01/2026-06-07,0,Organic,Image or text,,False,289,,9,5,0,1,6,15,0.0519031141868512,0.0311418685121107,0.0034602076124567,0.0,160,24,0,1,ARMA2026,0,0,0,0,none,event_presence,Very short (<25w),,,,,,,,,,,,,,,,,,,,,,,,,,,,,,,,,,,,,,,,,,,,
7467521714789216256,https://www.linkedin.com/feed/update/urn:li:activity:7467521714789216256,"We are proud to be a sponsor of ARMA 2026. Come find us at our desk, where our team will be on hand to talk through how GrantsNow helps research offices manage grants from pre-award to post-award. See you in Harrogate.

ARMA UK (Association of Research Managers and Administrators)
 
#ARMA2026 #ResearchManagement #ResearchAdmin #HigherEducation #ResearchFunding #UKResearch","We are proud to be a sponsor of ARMA 2026. Come find us at our desk, where our team will be on hand to talk through how ",120,2026-06-02,Tuesday,2026-06-01/2026-06-07,1,Organic,Image or text,,False,400,,11,14,0,2,16,27,0.0675,0.0275,0.005,0.0,374,55,4,6,"ARMA2026, ResearchManagement, ResearchAdmin, HigherEducation, ResearchFunding, UKResearch",0,0,0,0,none,event_presence,Short (25-60w),,,,,,,,,,,,,,,,,,,,,,,,,,,,,,,,,,,,,,,,,,,,
7468202450068418560,https://www.linkedin.com/feed/update/urn:li:activity:7468202450068418560,"Ian McGowan and Felicia T. spent yesterday at the Unit4 event in Birmingham, connecting with peers from across the higher education community and discussing the challenges and opportunities facing the sector.

They also had the pleasure of visiting our valued client, Aston University, making for a productive day of conversations and collaboration","Ian McGowan and Felicia T. spent yesterday at the Unit4 event in Birmingham, connecting with peers from across the highe",120,2026-06-04,Thursday,2026-06-01/2026-06-07,1,Organic,Image or text,,False,611,,181,28,0,0,28,209,0.3420621931260229,0.2962356792144026,0.0,0.0,348,52,2,0,,0,0,0,0,none,other,Short (25-60w),,,,,,,,,,,,,,,,,,,,,,,,,,,,,,,,,,,,,,,,,,,,
7470070276110729217,https://www.linkedin.com/feed/update/urn:li:activity:7470070276110729217,"Come check out some of our newest GrantsNow features at our desk, and chat with the team about how we're helping research offices manage Grants.
 
See you in Harrogate. 

ARMA UK (Association of Research Managers and Administrators)
#ARMA2026 #ResearchManagement #ResearchAdmin #HigherEducation #ResearchFunding #UKResearch","Come check out some of our newest GrantsNow features at our desk, and chat with the team about how we're helping researc",120,2026-06-09,Tuesday,2026-06-08/2026-06-14,1,Organic,Image or text,,False,313,,4,21,0,2,23,27,0.0862619808306709,0.0127795527156549,0.0063897763578274,0.0,323,43,5,6,"ARMA2026, ResearchManagement, ResearchAdmin, HigherEducation, ResearchFunding, UKResearch",0,0,0,0,none,event_presence,Short (25-60w),,,,,,,,,,,,,,,,,,,,,,,,,,,,,,,,,,,,,,,,,,,,
7470830070484541441,https://www.linkedin.com/feed/update/urn:li:activity:7470830070484541441,"Meet the GrantsNow team at ARMA 2026 to explore how AI-powered funding discovery, seamless workflows, and integrated Grants management are helping research offices uncover more relevant opportunities and make the most of every funding call.

Get in touch: https://lnkd.in/dU2Brsef

ARMA UK (Association of Research Managers and Administrators)

#ARMA2026 #ResearchManagement #ResearchFunding #HigherEducation #GrantManagement #ResearchDevelopment #GrantsNow","Meet the GrantsNow team at ARMA 2026 to explore how AI-powered funding discovery, seamless workflows, and integrated Gra",120,2026-06-11,Thursday,2026-06-08/2026-06-14,1,Organic,Image or text,,False,244,,5,16,0,3,19,24,0.0983606557377049,0.0204918032786885,0.0122950819672131,0.0,457,54,6,7,"ARMA2026, ResearchManagement, ResearchFunding, HigherEducation, GrantManagement, ResearchDevelopment, GrantsNow",1,0,0,0,read,event_presence,Short (25-60w),,,,,,,,,,,,,,,,,,,,,,,,,,,,,,,,,,,,,,,,,,,,
7472536161136193536,https://www.linkedin.com/feed/update/urn:li:activity:7472536161136193536,"ARMA 2026 is here!

Look forward to speaking with our clients and the ARMA community on how we can improve the efficiency of the Research Office.

See you in Harrogate.
",ARMA 2026 is here!,18,2026-06-16,Tuesday,2026-06-15/2026-06-21,1,Organic,Image or text,,False,83,,4,2,0,0,2,6,0.072289156626506,0.0481927710843373,0.0,0.0,169,30,5,0,,0,0,0,0,none,event_presence,Short (25-60w),,,,,,,,,,,,,,,,,,,,,,,,,,,,,,,,,,,,,,,,,,,,
7472551067826814976,https://www.linkedin.com/feed/update/urn:li:activity:7472551067826814976,,,0,2026-06-16,Tuesday,2026-06-15/2026-06-21,1,Organic,Article,Article,True,201,158.0,1,9,0,0,9,10,0.0497512437810945,0.0049751243781094,0.0,0.0,0,0,0,0,,0,0,0,0,none,other,Very short (<25w),,,,,,,,,,,,,,,,,,,,,,,,,,,,,,,,,,,,,,,,,,,,
7472680964054384640,https://www.linkedin.com/feed/update/urn:li:activity:7472680964054384640,"We are now in Harrogate!
Looking forward to ARMA

ARMA UK (Association of Research Managers and Administrators) 

#GrantsNow #ARMA2026",We are now in Harrogate!,24,2026-06-16,Tuesday,2026-06-15/2026-06-21,1,Organic,Image or text,,False,715,,26,40,0,2,42,68,0.0951048951048951,0.0363636363636363,0.0027972027972027,0.0,134,19,5,2,"GrantsNow, ARMA2026",0,0,0,0,none,event_presence,Very short (<25w),,,,,,,,,,,,,,,,,,,,,,,,,,,,,,,,,,,,,,,,,,,,
7472915819149189122,https://www.linkedin.com/feed/update/urn:li:activity:7472915819149189122,"The GrantsNow team enjoyed the ARMA Pub Quiz last night
We need to do more research on the local area before next year, so we can improve our score...

#GrantsNow #ARMA #ARMA2026 ",The GrantsNow team enjoyed the ARMA Pub Quiz last night,55,2026-06-17,Wednesday,2026-06-15/2026-06-21,1,Organic,Image or text,,False,891,,95,31,0,0,31,126,0.1414141414141414,0.1066217732884399,0.0,0.0,179,32,3,3,"GrantsNow, ARMA, ARMA2026",0,0,0,0,none,event_presence,Short (25-60w),,,,,,,,,,,,,,,,,,,,,,,,,,,,,,,,,,,,,,,,,,,,
7473096663725707265,https://www.linkedin.com/feed/update/urn:li:activity:7473096663725707265,"We are at ARMA! Come meet the team at our desk!

ARMA UK (Association of Research Managers and Administrators)

#ARMA #GrantsNow",We are at ARMA! Come meet the team at our desk!,47,2026-06-17,Wednesday,2026-06-15/2026-06-21,1,Organic,Image or text,,False,1244,,72,36,0,3,39,111,0.0892282958199356,0.0578778135048231,0.0024115755627009,0.0,128,21,4,2,"ARMA, GrantsNow",0,0,0,0,none,event_presence,Very short (<25w),,,,,,,,,,,,,,,,,,,,,,,,,,,,,,,,,,,,,,,,,,,,
7473373602705248256,https://www.linkedin.com/feed/update/urn:li:activity:7473373602705248256,"It was lovely meeting and chatting with everyone in person at ARMA. 

#GrantsNow #ARMA ",It was lovely meeting and chatting with everyone in person at ARMA. ,68,2026-06-18,Thursday,2026-06-15/2026-06-21,1,Organic,Image or text,,False,854,,44,33,1,0,34,78,0.0913348946135831,0.0515222482435597,0.0,0.0011709601873536,87,14,2,2,"GrantsNow, ARMA",0,0,0,0,none,event_presence,Very short (<25w),,,,,,,,,,,,,,,,,,,,,,,,,,,,,,,,,,,,,,,,,,,,
7473698646396555264,https://www.linkedin.com/feed/update/urn:li:activity:7473698646396555264,"Congratulations to Wellcome Sanger Institute for winning the Innovation in Research Management Award at ARMA 2026. 

#ARMA #ARMA2026 #GrantsNow ",Congratulations to Wellcome Sanger Institute for winning the Innovation in Research Management Award at ARMA 2026. ,115,2026-06-19,Friday,2026-06-15/2026-06-21,0,Organic,Image or text,,False,741,,76,32,1,0,33,109,0.1470985155195681,0.1025641025641025,0.0,0.0013495276653171,144,19,2,3,"ARMA, ARMA2026, GrantsNow",0,0,0,0,none,event_presence,Very short (<25w),,,,,,,,,,,,,,,,,,,,,,,,,,,,,,,,,,,,,,,,,,,,
7473645838729109504,https://www.linkedin.com/feed/update/urn:li:activity:7473645838729109504,"ARMA Wrap from GrantsNow...

We had a great few days with the ARMA community in Harrogate. We met with our clients, prospects and friends in the world of Research Administration.
GrantsNow continues to help to achieve great efficiency and more funding for Research Organisations across the globe.
See you in Birmingham in 2027!

#ARMA #ARMA2026 #GrantsNow",ARMA Wrap from GrantsNow...,27,2026-06-19,Friday,2026-06-15/2026-06-21,0,Organic,Image or text,,False,1453,,1176,47,1,1,49,1225,0.8430832759807295,0.8093599449415003,0.0006882312456985,0.0006882312456985,355,56,6,3,"ARMA, ARMA2026, GrantsNow",0,0,0,0,none,event_presence,Short (25-60w),,,,,,,,,,,,,,,,,,,,,,,,,,,,,,,,,,,,,,,,,,,,
7474831101769912320,https://www.linkedin.com/feed/update/urn:li:activity:7474831101769912320,"We know every funder has different rules, manually looking this up over lots of funders takes up valuable time.

GrantsNow's AI does the checking instantly, so your researchers spend their time writing, not reading guidance notes.

Book a demo: https://lnkd.in/dU2Brsef 
#GrantsManagement #AIinResearch #PreAward #ResearchOffice #UKUniversities","We know every funder has different rules, manually looking this up over lots of funders takes up valuable time.",111,2026-06-22,Monday,2026-06-22/2026-06-28,0,Organic,Image or text,,False,147,,8,6,0,1,7,15,0.1020408163265306,0.0544217687074829,0.0068027210884353,0.0,344,45,5,5,"GrantsManagement, AIinResearch, PreAward, ResearchOffice, UKUniversities",1,0,0,0,book_demo,product_capability,Short (25-60w),full,verified,"GrantsNow's AI does the eligibility checking instantly, so researchers write instead of reading guidance notes.",yes,"funder rules, eligibility, AI, researchers, guidance notes, pre-award, research office, UK universities",conversational,brand-and-you (mixed),demo,end,book_demo,Book,no,niche + audience-targeted (UK higher ed),image,photo + teal card overlay,team meeting photo (four people) with teal card centred,yes,yes (multiple faces),4.0,question headline + 'We can help' response with checkmark,photographic,dark teal photo tint,teal card + cream border + white type,brand-teal + photographic + cream,high,photo realistic with darkened tint,yes,Are your teams struggling with eligibility checks that slows everything down?,mixed-weight bold (eligibility checks in heavier weight),78.0,We can help!,Get in touch (+44) 7710 041194 | grantsnow.co.uk,GrantsNow logo TL + HM Government G-Cloud Supplier TR + contact footer strip,corners + footer contact strip,photo hero with centred teal card and 'We can help' response,demo - AI eligibility checks,pain_point + product_capability,most people in a single image so far (4) + long question headline (78 chars),SS012,batch3,1.0,yes,,brand-teal + photographic + cream
7476203732867735552,https://www.linkedin.com/feed/update/urn:li:activity:7476203732867735552,"Still managing grants across emails, spreadsheets, and disconnected systems? Learn how universities are simplifying the grants lifecycle with a single, integrated platform.
Download the whitepaper: https://lnkd.in/g8AanByU

#GrantsNow #Research #Universities ","Still managing grants across emails, spreadsheets, and disconnected systems? Learn how universities are simplifying the ",120,2026-06-26,Friday,2026-06-22/2026-06-28,0,Organic,Image or text,,False,136,,12,7,0,1,8,20,0.1470588235294117,0.088235294117647,0.0073529411764705,0.0,259,29,3,3,"GrantsNow, Research, Universities",1,0,0,1,download,pain_point,Short (25-60w),full,verified,"Universities are simplifying the grants lifecycle with a single, integrated platform.",yes,"grants, emails, spreadsheets, disconnected systems, grants lifecycle, integrated platform, universities",conversational,brand-and-you (mixed),whitepaper,end,download,Download,yes,brand + broad,image,typography on gradient,cream-to-mint gradient with teal card and yellow CTA,no,no,0.0,teal card with orange border and yellow CTA button,gradient,cream to soft mint,dark teal card + orange border + yellow CTA,brand-teal + gold + cream,high,flat gradient with subtle grid,yes,Managing Research Grants Shouldn't Mean Managing Multiple Systems,title-case mixed-weight bold,63.0,Want to know how we can help?,Download the Whitepaper to learn more,GrantsNow logo TL + HM Government G-Cloud Supplier TR + contact footer strip,corners + footer contact strip,no-photo poster - all typography and card,whitepaper - integrated platform,pain_point + product_capability,yellow CTA pill button + orange card border (rare accent) and a sub-question inviting a reply,SS011,batch3,1.0,no,,brand-teal + gold + cream
7477323401225719808,https://www.linkedin.com/feed/update/urn:li:activity:7477323401225719808,"Are manual proposal updates across emails or spreadsheets slowing down your bid process? GrantsNow gives everyone a single dashboard with full visibility of every proposal, tailored to their dept/role.

We would be happy to connect: https://lnkd.in/dU2Brsef 

#GrantsManagement #ResearchOffice #PreAward #UKUniversities #HigherEducationUK",Are manual proposal updates across emails or spreadsheets slowing down your bid process? GrantsNow gives everyone a sing,120,2026-06-29,Monday,2026-06-29/2026-07-05,0,Organic,Image or text,,False,84,,4,3,0,0,3,7,0.0833333333333333,0.0476190476190476,0.0,0.0,338,41,4,5,"GrantsManagement, ResearchOffice, PreAward, UKUniversities, HigherEducationUK",1,0,0,1,none,product_capability,Short (25-60w),full,verified,"GrantsNow gives everyone a single dashboard with full visibility of every proposal, tailored to their dept and role.",yes,"manual proposal updates, emails, spreadsheets, bid process, single dashboard, research office, pre-award, UK universities",conversational,brand-and-you (mixed),demo,end,contact,Connect,yes,niche + audience-targeted (UK higher ed),image,photo + teal card overlay,woman at desk with monitor in background + teal card centred,yes,yes (side profile),1.0,teal card with question - manual proposal tracking phrase in bold,photographic,muted green-grey office photo,teal card + cream border + white type,brand-teal + cream + photographic,high,photo realistic with subtle desaturation,yes,Is your research office held back with manual proposal tracking?,mixed-weight bold (manual proposal tracking in heavier weight),61.0,,Get in touch (+44) 7710 041194 | grantsnow.co.uk,GrantsNow logo TL + HM Government G-Cloud Supplier TR + contact footer strip,corners + footer contact strip,"photo hero with centred teal card, headline-only in image",demo - dashboard visibility,pain_point,question in both caption first line and image headline - most on-message hook of the batch,SS010,batch2,1.0,yes,,brand-teal + cream + photographic
7478022878341361664,https://www.linkedin.com/feed/update/urn:li:activity:7478022878341361664,"Role-based access helps universities give researchers, reviewers, finance teams, and administrators access only to the information they need, improving security, collaboration, and governance across the research funding lifecycle.

Download our whitepaper to learn more:
https://lnkd.in/eVuMpbP2

#ResearchManagement #GrantManagement #HigherEducation #ResearchFunding #DataGovernance #ResearchSupport #GrantsNow","Role-based access helps universities give researchers, reviewers, finance teams, and administrators access only to the i",120,2026-07-01,Wednesday,2026-06-29/2026-07-05,1,Organic,Image or text,,False,132,,4,3,0,0,3,7,0.053030303030303,0.0303030303030303,0.0,0.0,411,42,5,7,"ResearchManagement, GrantManagement, HigherEducation, ResearchFunding, DataGovernance, ResearchSupport, GrantsNow",1,0,0,0,download,product_capability,Short (25-60w),full,verified,"Role-based access gives each user access only to what they need, improving security, collaboration, and governance.",yes,"role-based access, universities, researchers, reviewers, finance teams, data governance, research funding lifecycle, higher education",authoritative,brand-third-person,whitepaper,end,download,Download,no,brand + broad + niche - very heavy (7 tags),image,photo + white card overlay with orange border,woman at computer in background + cream card with orange rounded border,yes,partial (soft focus),1.0,cream card with orange border and yellow CTA button,photographic,dark teal photo tint,cream card + orange border + teal type + yellow CTA button,brand-teal + gold + accent-orange,high,photo realistic with darkened tint + flat card,yes,Role-Based Access That Simplifies Research Management,title-case mixed-weight bold,53.0,The Right People. The Right Access. Every Time.,Download the Whitepaper to learn more,GrantsNow logo TL + HM Government G-Cloud Supplier TR + contact footer strip,corners + footer contact strip,photo hero with cream card and prominent yellow button,whitepaper - role-based access,product_capability,yellow CTA button (only post in the set with a filled yellow button) + 7 hashtags (heaviest in the set),SS009,batch2,1.0,yes,,brand-teal + gold + accent-orange
7478730620421025792,https://www.linkedin.com/feed/update/urn:li:activity:7478730620421025792,"The most valuable conversations at #ARMA2026 weren't about software. They were about the everyday challenges research teams face, from finding funding opportunities to managing disconnected systems and reporting. We share the key insights in our latest article.

ARMA UK (Association of Research Managers and Administrators)

#ResearchManagement #ResearchSupport #HigherEducation #GrantManagement #GrantsNow",The most valuable conversations at #ARMA2026 weren't about software. They were about the everyday challenges research te,120,2026-07-03,Friday,2026-06-29/2026-07-05,0,Organic,Article,Article,True,471,229.0,10,9,0,0,9,19,0.0403397027600849,0.0212314225053078,0.0,0.0,407,50,4,6,"ARMA2026, ResearchManagement, ResearchSupport, HigherEducation, GrantManagement, GrantsNow",0,0,0,0,none,event_presence,Short (25-60w),,,,,,,,,,,,,,,,,,,,,,,,,,,,,,,,,,,,,,,,,,,,
7478747715691008000,https://www.linkedin.com/feed/update/urn:li:activity:7478747715691008000,"Manually pulling together proposal details from multiple sources before you have even started writing is time nobody can afford. GrantsNow auto-populates your outline proposal directly from the funding call, cutting the admin so your researchers can focus on what actually wins Grants.

Would you like to know more? Get in touch: https://lnkd.in/dU2Brsef

#GrantsManagement #PreAward #ResearchOffice #UKUniversities #AIinResearch",Manually pulling together proposal details from multiple sources before you have even started writing is time nobody can,120,2026-07-03,Friday,2026-06-29/2026-07-05,0,Organic,Image or text,,False,191,,6,11,0,0,11,17,0.0890052356020942,0.031413612565445,0.0,0.0,429,57,4,5,"GrantsManagement, PreAward, ResearchOffice, UKUniversities, AIinResearch",1,0,0,1,contact,other,Short (25-60w),full,verified,"GrantsNow auto-populates your outline proposal directly from the funding call, cutting admin so researchers can focus on winning grants.",yes,"manual proposal, funding call, admin, researchers, AI, pre-award, research office, UK universities",conversational,brand-and-you (mixed),demo,end,contact,Get in touch,yes,niche + audience-targeted (UK higher ed),image,photo + teal card overlay,team meeting photo (top) + teal panel with question (bottom),yes,partial (backs of heads),3.0,large question headline + 'We can help' response,photographic (top) + solid teal (bottom),dark teal + photo,white type + teal checkmark + white 'We can help' pill,brand-teal + photographic,high,photo realistic with darkened tint + flat solid teal,yes,Is your team spending more time on admin than on the actual bid?,mixed-weight bold (more time in heavier weight),64.0,We can help!,Get in touch (+44) 7710 041194 | grantsnow.co.uk,GrantsNow logo TL + HM Government G-Cloud Supplier TR + contact footer strip,corners + footer contact strip,"split panel photo-plus-solid teal, big question hook",demo - AI auto-populate,pain_point + product_capability,explicit question in caption AND image - hard sell with phone number as CTA,SS008,batch2,1.0,yes,,brand-teal + photographic
7480198934196379648,https://www.linkedin.com/feed/update/urn:li:activity:7480198934196379648,"Missed feedback and multiple document versions can put funding applications at risk. Explore how a structured approach to proposal corrections helps universities reduce administrative effort and improve submission quality.

Download the whitepaper:
https://lnkd.in/gZQqbfDX

#GrantsNow #Whitepaper",Missed feedback and multiple document versions can put funding applications at risk. Explore how a structured approach t,120,2026-07-07,Tuesday,2026-07-06/2026-07-12,1,Organic,Image or text,,False,79,,5,3,0,0,3,8,0.1012658227848101,0.0632911392405063,0.0,0.0,297,35,5,2,"GrantsNow, Whitepaper",1,0,0,0,download,thought_leadership,Short (25-60w),full,verified,A structured approach to proposal corrections reduces administrative effort and improves submission quality.,yes,"feedback, document versions, funding applications, proposal corrections, universities, submission quality",authoritative,brand-third-person,whitepaper,end,download,Download,no,brand only (very light),image,photo + teal card overlay,woman working with laptop in background + teal card centred,yes,yes (soft focus),1.0,teal card with question headline + WHITEPAPER pill,photographic,dark teal photo tint,teal card + WHITEPAPER yellow pill + white type,brand-teal + gold + photographic,high,photo realistic with darkened tint,yes,Are proposal reworks slowing submissions?,mixed-weight bold (proposal reworks in heavier weight),42.0,Download the Whitepaper to learn more,Download the Whitepaper to learn more,GrantsNow logo TL + HM Government G-Cloud Supplier TR + WHITEPAPER pill + contact footer strip,corners + footer contact strip,photo hero with centred teal card - question in the image,whitepaper - proposal corrections,pain_point,question in the image headline - first image-headline question so far - direct challenge to the reader,SS007,batch2,1.0,yes,,brand-teal + gold + photographic
7480923737064689664,https://www.linkedin.com/feed/update/urn:li:activity:7480923737064689664,,,0,2026-07-09,Thursday,2026-07-06/2026-07-12,1,Organic,Article,Article,True,137,211.0,1,7,0,0,7,8,0.0583941605839416,0.0072992700729927,0.0,0.0,0,0,0,0,,0,0,0,0,none,other,Very short (<25w),,,,,,,,,,,,,,,,,,,,,,,,,,,,,,,,,,,,,,,,,,,,
7481020822741073920,https://www.linkedin.com/feed/update/urn:li:activity:7481020822741073920,"Proposal rework can become difficult to manage when feedback, document changes, and approvals are spread across multiple email threads.

Our latest whitepaper explores how keeping every discussion and decision linked to the proposal can improve collaboration, provide greater visibility, and help research teams keep submissions moving forward.

Download the free whitepaper: https://lnkd.in/gZQqbfDX

#GrantsNow #Whitepaper #ResearchManagement","Proposal rework can become difficult to manage when feedback, document changes, and approvals are spread across multiple",120,2026-07-09,Thursday,2026-07-06/2026-07-12,1,Organic,Image or text,,False,176,,4,10,0,1,11,15,0.0852272727272727,0.0227272727272727,0.0056818181818181,0.0,444,55,6,3,"GrantsNow, Whitepaper, ResearchManagement",1,0,0,0,download,pain_point,Short (25-60w),full,verified,"Keeping every discussion and decision linked to the proposal improves collaboration, visibility, and momentum.",yes,"proposal rework, feedback, approvals, whitepaper, research management, submissions",authoritative,brand-third-person,whitepaper,end,download,Download,no,brand + niche,image,photo + teal card overlay,office scene with people in background + teal product panel,yes,partial (background),2.0,teal card with headline + WHITEPAPER pill,photographic,dark teal photo tint,teal card + WHITEPAPER yellow pill + white type,brand-teal + gold + photographic,high,photo realistic with darkened tint,yes,Keep proposal corrections clear and on track,mixed-weight bold (corrections in heavier weight),45.0,"Discover a better way to manage feedback, rework, and approvals",Download the Whitepaper to learn more,GrantsNow logo TL + HM Government G-Cloud Supplier TR + WHITEPAPER pill + contact footer strip,corners + footer contact strip,photo hero with centred teal card and full contact strip,whitepaper - proposal corrections,pain_point + product_capability,phone number and website in footer strip - direct sales cue on a whitepaper post,SS006,batch2,1.0,yes,,brand-teal + gold + photographic
7481391339167944706,https://www.linkedin.com/feed/update/urn:li:activity:7481391339167944706,"Researchers, administrators, reviewers, and finance teams each need access to different information throughout the funding lifecycle.

Our latest whitepaper explores how role-based access can help universities protect sensitive information, improve collaboration, and ensure every user sees the information relevant to their responsibilities.

Download it here: https://lnkd.in/eVuMpbP2

#GrantsNow #ResearchFunding #Whitepaper #Funding #Research","Researchers, administrators, reviewers, and finance teams each need access to different information throughout the fundi",120,2026-07-10,Friday,2026-07-06/2026-07-12,0,Organic,Image or text,,False,133,,3,8,0,0,8,11,0.0827067669172932,0.0225563909774436,0.0,0.0,446,51,6,5,"GrantsNow, ResearchFunding, Whitepaper, Funding, Research",1,0,0,0,download,product_capability,Short (25-60w),full,verified,"Role-based access can help universities protect sensitive information, improve collaboration, and ensure every user sees the information relevant to their responsibilities.",yes,"role-based access, universities, funding lifecycle, researchers, administrators, reviewers, finance teams",authoritative,brand-third-person,whitepaper,end,download,Download,no,brand + niche,image,photo + product panel,professional woman working on a laptop,yes,yes,1.0,person + WHITEPAPER pill tag,photographic (right) + solid (left),dark teal (product panel) + warm neutral (photo),dark teal typography + WHITEPAPER yellow pill,brand-teal + gold + photographic,high,mixed - photo realistic and flat panel,yes,Give every user the right access,mixed-weight bold,33.0,"Improve security, visibility, and collaboration across research funding",Download the Whitepaper to learn more,GrantsNow logo + HM Government G-Cloud Supplier + WHITEPAPER yellow pill,corners + label pill on product panel,editorial photo plus teal product panel,whitepaper - role-based access,product_capability + pain_point,human face - only post in this batch with a person - and yellow WHITEPAPER pill acting as content-type signal,SS005,batch1,1.0,yes,,brand-teal + gold + photographic
7482820498771529728,https://www.linkedin.com/feed/update/urn:li:activity:7482820498771529728,"GrantsNow uses AI to surface relevant funding opportunities based on your research areas, favourite funders and team preferences. The right calls find you, not the other way around.

Book a demo: https://lnkd.in/dU2Brsef

#GrantsManagement #AIinResearch #Funding #ResearchOffice #HigherEducationUK
","GrantsNow uses AI to surface relevant funding opportunities based on your research areas, favourite funders and team pre",120,2026-07-14,Tuesday,2026-07-13/2026-07-19,1,Organic,Image or text,,False,118,,1,9,0,1,10,11,0.0932203389830508,0.0084745762711864,0.0084745762711864,0.0,298,37,5,5,"GrantsManagement, AIinResearch, Funding, ResearchOffice, HigherEducationUK",1,0,0,0,book_demo,product_capability,Short (25-60w),bottom-cropped,unknown,"The right calls find you, not the other way around.",yes,"AI, funding opportunities, research areas, funders, higher education, research office",conversational,brand-and-you (mixed),demo,end,book_demo,Book,no,niche + audience-targeted (UK higher ed),image,typography,magnifying glass illustration,no,no,0.0,magnifying glass (bottom right),solid,cream / off-white,dark teal typography + grey magnifying glass,brand-teal on cream,medium,flat with subtle drop shadow,yes,Stop manually searching for funding calls.,mixed-weight bold (manually + searching in heavy weight),43.0,,,GrantsNow logo TL + HM Government G-Cloud Supplier TR,corners,editorial minimal typography-led,demo - AI funding discovery,product_capability,"headline-only creative - no CTA button visible in the crop, quieter than SS001/SS002",SS003,batch1,1.0,no,,brand-teal on cream
7483460514187112449,https://www.linkedin.com/feed/update/urn:li:activity:7483460514187112449,,,0,2026-07-16,Thursday,2026-07-13/2026-07-19,1,Organic,Article,Article,True,66,180.0,1,1,0,0,1,2,0.0303030303030303,0.0151515151515151,0.0,0.0,0,0,0,0,,0,0,0,0,none,other,Very short (<25w),,,,,,,,,,,,,,,,,,,,,,,,,,,,,,,,,,,,,,,,,,,,
7483483091794182144,https://www.linkedin.com/feed/update/urn:li:activity:7483483091794182144,"Proposal feedback, peer reviews, and approvals shouldn't disappear into inboxes. Discover how keeping every discussion linked to the proposal improves collaboration, visibility, and audit readiness.

Download the whitepaper: https://lnkd.in/e8u_9AzK

#GrantsNow #Research #PreAwards #GrantsManagement ","Proposal feedback, peer reviews, and approvals shouldn't disappear into inboxes. Discover how keeping every discussion l",120,2026-07-16,Thursday,2026-07-13/2026-07-19,1,Organic,Image or text,,False,79,,0,5,0,0,5,5,0.0632911392405063,0.0,0.0,0.0,301,33,4,4,"GrantsNow, Research, PreAwards, GrantsManagement",1,0,0,0,download,thought_leadership,Short (25-60w),bottom-cropped,inferred,"Keeping every discussion linked to the proposal improves collaboration, visibility, and audit readiness.",yes,"proposal, peer reviews, approvals, audit readiness, grants management",authoritative,brand-third-person,whitepaper,end,download,Download,no,brand + niche,image,mixed - photo + illustration,laptop workspace photo (top) + product panel (bottom),no,no,0.0,envelope on laptop screen + notepad and pen,photographic (top) + solid (bottom),warm neutral photo + white,orange envelope + teal accent,brand-teal + accent-orange + neutral,medium,mixed - photo realistic and flat,yes,Your proposal discussions belong with the proposal,mixed-weight bold,50.0,Not scattered across email,Download the Whitepaper,GrantsNow logo,top of product panel,editorial photo over minimal product mock,whitepaper - proposal reviews,pain_point,"split composition - human workspace context above, product answer below",SS002,batch1,1.0,no,,brand-teal + accent-orange + neutral
7483849474553966592,https://www.linkedin.com/feed/update/urn:li:activity:7483849474553966592,"Every proposal generates questions, feedback, and approvals. When they're managed across email, finding the right information becomes difficult, especially as submission volumes grow.
 
Learn how a single proposal record keeps every conversation in one place.
Download the whitepaper: https://lnkd.in/e8u_9AzK

#GrantsNow #Research #PreAwards #GrantsManagement ","Every proposal generates questions, feedback, and approvals. When they're managed across email, finding the right inform",120,2026-07-17,Friday,2026-07-13/2026-07-19,0,Organic,Image or text,,False,81,,1,2,0,0,2,3,0.037037037037037,0.0123456790123456,0.0,0.0,361,43,5,4,"GrantsNow, Research, PreAwards, GrantsManagement",1,0,0,0,download,product_capability,Short (25-60w),full,verified,A single proposal record keeps every conversation in one place.,yes,"proposal, submissions, whitepaper, grants management, research, pre-awards",authoritative,brand-third-person,whitepaper,end,download,Download,no,brand + niche,image,illustration,envelope with red notification badge,no,no,0.0,envelope with red 7 notification,solid,dark teal,yellow envelope + white card + red badge,brand-teal + gold + accent-red,high,flat illustration,yes,Still managing proposal reviews by email?,mixed-weight bold,41.0,There's a better way.,Download the Whitepaper,GrantsNow logo TL + HM Government G-Cloud Supplier TR,corners,minimal flat with iconography,whitepaper - proposal reviews,pain_point + product_capability,red '7' notification badge - urgency + inbox metaphor,SS001,batch1,1.0,no,,brand-teal + gold + accent-red
